id,first_name,second_name,web_name,team,position,birth_date,minutes,starts,goals_scored,assists,penalties_missed,clean_sheets,goals_conceded,own_goals,saves,penalties_saved,tackles,recoveries,clearances_blocks_interceptions,yellow_cards,red_cards,expected_goals,expected_assists,expected_goal_involvements,expected_goals_conceded,season,collected_at
1,David,Raya Martín,Raya,Arsenal,GKP,1995-09-15,450,5,0,0,0,3,4,0,9,1,1,58,6,0,0,0.0,0.01,0.01,4.03,2026-27,2026-09-26 23:22:35
2,Kepa,Arrizabalaga Revuelta,Arrizabalaga,Arsenal,GKP,1994-10-03,0,0,0,0,0,0,0,0,0,0,0,0,0,0,0,0.0,0.0,0.0,0.0,2026-27,2026-09-26 23:22:35
3,Illan,Meslier,Meslier,Arsenal,GKP,2000-03-02,0,0,0,0,0,0,0,0,0,0,0,0,0,0,0,0.0,0.0,0.0,0.0,2026-27,2026-09-26 23:22:35
4,Gabriel,dos Santos Magalhães,Gabriel,Arsenal,DEF,1997-12-19,450,5,0,0,0,3,4,0,0,0,6,17,35,2,0,0.51,0.2,0.71,4.03,2026-27,2026-09-26 23:22:35
5,Jurriën,Timber,J.Timber,Arsenal,DEF,2001-06-17,104,1,0,0,0,0,3,0,0,0,3,7,2,0,0,0.0,0.03,0.03,2.18,2026-27,2026-09-26 23:22:35
6,William,Saliba,Saliba,Arsenal,DEF,2001-03-24,0,0,0,0,0,0,0,0,0,0,0,0,0,0,0,0.0,0.0,0.0,0.0,2026-27,2026-09-26 23:22:35
7,Myles,Lewis-Skelly,Lewis-Skelly,Arsenal,MID,2006-09-26,271,4,0,0,0,2,1,0,0,0,1,8,5,0,0,0.16,0.23,0.39,1.02,2026-27,2026-09-26 23:22:35
8,Riccardo,Calafiori,Calafiori,Arsenal,DEF,2002-05-19,416,5,0,2,0,3,4,0,0,0,6,13,12,0,0,0.67,0.62,1.29,3.76,2026-27,2026-09-26 23:22:35
9,Piero,Hincapié,Hincapie,Arsenal,DEF,2002-01-09,32,0,0,0,0,0,0,0,0,0,1,0,2,0,0,0.0,0.0,0.0,0.28,2026-27,2026-09-26 23:22:35
10,Benjamin,White,White,Arsenal,DEF,1997-10-08,315,4,0,1,0,2,1,0,0,0,6,9,12,0,0,0.18,0.29,0.47,1.15,2026-27,2026-09-26 23:22:35
11,Cristhian,Mosquera,Mosquera,Arsenal,DEF,2004-06-27,168,2,0,0,0,2,0,0,0,0,0,3,10,0,0,0.0,0.01,0.01,0.53,2026-27,2026-09-26 23:22:35
12,Bukayo,Saka,Saka,Arsenal,MID,2001-09-05,416,5,3,0,0,3,4,0,0,0,6,17,8,0,0,3.22,0.98,4.2,3.58,2026-27,2026-09-26 23:22:35
13,Declan,Rice,Rice,Arsenal,MID,1999-01-14,411,5,0,2,0,3,4,0,0,0,7,17,18,1,0,0.12,0.69,0.81,3.5,2026-27,2026-09-26 23:22:35
14,Eberechi,Eze,Eze,Arsenal,MID,1998-06-29,85,0,0,0,0,0,0,0,0,0,0,5,0,0,0,0.04,0.09,0.13,1.33,2026-27,2026-09-26 23:22:35
15,Martin,Ødegaard,Ødegaard,Arsenal,MID,1998-12-17,377,5,2,0,0,3,4,0,0,0,6,12,5,0,0,1.08,1.32,2.4,3.23,2026-27,2026-09-26 23:22:35
16,Noni,Madueke,Madueke,Arsenal,MID,2002-03-10,23,0,0,0,0,0,0,0,0,0,1,2,0,0,0,0.0,0.05,0.05,0.15,2026-27,2026-09-26 23:22:35
17,Mikel,Merino Zazón,Merino,Arsenal,MID,1996-06-22,81,0,0,0,0,0,0,0,0,0,0,9,1,1,0,0.14,0.15,0.29,0.96,2026-27,2026-09-26 23:22:35
18,Gabriel,Martinelli Silva,Martinelli,Arsenal,MID,2001-06-18,0,0,0,0,0,0,0,0,0,0,0,0,0,0,0,0.0,0.0,0.0,0.0,2026-27,2026-09-26 23:22:35
19,Martín,Zubimendi Ibáñez,Zubimendi,Arsenal,MID,1999-02-02,89,0,0,0,0,0,0,0,0,0,4,3,5,0,0,0.21,0.04,0.25,1.38,2026-27,2026-09-26 23:22:35
20,Max,Dowman,Dowman,Arsenal,MID,2009-12-31,9,0,0,0,0,0,0,0,0,0,0,0,0,0,0,0.0,0.08,0.08,0.31,2026-27,2026-09-26 23:22:35
22,Ethan,Nwaneri,Nwaneri,Arsenal,MID,2007-03-21,0,0,0,0,0,0,0,0,0,0,0,0,0,0,0,0.0,0.0,0.0,0.0,2026-27,2026-09-26 23:22:35
23,Fábio,Ferreira Vieira,Fábio Vieira,Arsenal,MID,2000-05-30,0,0,0,0,0,0,0,0,0,0,0,0,0,0,0,0.0,0.0,0.0,0.0,2026-27,2026-09-26 23:22:35
24,Reiss,Nelson,Nelson,Arsenal,MID,1999-12-10,0,0,0,0,0,0,0,0,0,0,0,0,0,0,0,0.0,0.0,0.0,0.0,2026-27,2026-09-26 23:22:35
25,Viktor,Gyökeres,Gyökeres,Arsenal,FWD,1998-06-04,29,0,0,0,0,0,0,0,0,0,0,1,0,0,0,0.0,0.23,0.23,0.65,2026-27,2026-09-26 23:22:35
26,Kai,Havertz,Havertz,Arsenal,FWD,1999-06-11,437,5,2,0,0,3,4,0,0,0,0,7,6,1,0,1.67,0.37,2.04,3.91,2026-27,2026-09-26 23:22:35
27,Gabriel,Fernando de Jesus,G.Jesus,Arsenal,FWD,1997-04-03,0,0,0,0,0,0,0,0,0,0,0,0,0,0,0,0.0,0.0,0.0,0.0,2026-27,2026-09-26 23:22:35
31,Ezri,Konsa Ngoyo,Konsa,Arsenal,DEF,1997-10-23,281,3,0,0,0,1,4,0,0,0,5,9,18,0,0,0.23,0.02,0.25,3.5,2026-27,2026-09-26 23:22:35
452,Bruno,Guimarães Rodriguez Moura,Bruno G.,Arsenal,MID,1997-11-16,123,1,1,0,0,0,3,0,0,0,1,8,3,0,0,0.09,0.16,0.25,2.18,2026-27,2026-09-26 23:22:35
557,Christos,Tzolis,Tzolis,Arsenal,MID,2002-01-30,362,5,0,2,0,2,4,0,0,0,4,12,7,2,0,0.19,0.55,0.74,2.73,2026-27,2026-09-26 23:22:35
29,Marco,Bizot,M.Bizot,Aston Villa,GKP,1991-03-10,90,1,0,0,0,0,4,0,3,0,0,6,2,0,0,0.0,0.0,0.0,3.77,2026-27,2026-09-26 23:22:35
30,Lucas,Digne,Digne,Aston Villa,DEF,1993-07-20,0,0,0,0,0,0,0,0,0,0,0,0,0,0,0,0.0,0.0,0.0,0.0,2026-27,2026-09-26 23:22:35
32,Matty,Cash,Cash,Aston Villa,DEF,1997-08-07,296,3,0,0,0,1,7,0,0,0,6,2,11,2,0,0.15,0.04,0.19,5.95,2026-27,2026-09-26 23:22:35
33,Tyrone,Mings,Mings,Aston Villa,DEF,1993-03-13,261,2,0,0,0,1,4,0,0,0,4,7,20,1,0,0.2,0.02,0.22,4.43,2026-27,2026-09-26 23:22:35
34,Pau,Torres,Pau,Aston Villa,DEF,1997-01-16,187,3,0,0,0,0,5,0,0,0,1,9,8,0,0,0.0,0.01,0.01,4.79,2026-27,2026-09-26 23:22:35
35,Lamare,Bogarde,Bogarde,Aston Villa,MID,2004-01-05,16,0,0,0,0,0,0,0,0,0,0,0,1,0,0,0.0,0.0,0.0,0.22,2026-27,2026-09-26 23:22:35
36,Ian,Maatsen,Maatsen,Aston Villa,DEF,2002-03-10,335,4,0,0,0,1,7,0,0,0,7,10,17,1,0,0.28,0.45,0.73,6.54,2026-27,2026-09-26 23:22:35
37,Victor,Lindelöf,Lindelöf,Aston Villa,DEF,1994-07-17,450,5,0,0,0,1,9,1,0,0,1,7,21,0,0,0.44,0.17,0.61,9.22,2026-27,2026-09-26 23:22:35
38,Andrés,García,A.García,Aston Villa,DEF,,0,0,0,0,0,0,0,0,0,0,0,0,0,0,0,0.0,0.0,0.0,0.0,2026-27,2026-09-26 23:22:35
39,Kosta,Nedeljkovic,Nedeljkovic,Aston Villa,DEF,2005-12-16,0,0,0,0,0,0,0,0,0,0,0,0,0,0,0,0.0,0.0,0.0,0.0,2026-27,2026-09-26 23:22:35
41,Emiliano,Buendía Stati,Buendía,Aston Villa,MID,1996-12-25,401,5,1,0,0,1,8,0,0,0,9,20,5,0,0,0.92,0.24,1.16,7.86,2026-27,2026-09-26 23:22:35
44,Leon,Bailey,Bailey,Aston Villa,MID,1997-08-09,0,0,0,0,0,0,0,0,0,0,0,0,0,0,0,0.0,0.0,0.0,0.0,2026-27,2026-09-26 23:22:35
45,John,McGinn,McGinn,Aston Villa,MID,1994-10-18,434,5,0,2,0,2,7,0,0,0,5,17,8,2,0,0.77,0.24,1.01,8.29,2026-27,2026-09-26 23:22:35
46,Ross,Barkley,Barkley,Aston Villa,MID,1993-12-05,308,4,0,0,0,1,8,0,0,0,7,16,5,0,0,0.38,0.14,0.52,7.36,2026-27,2026-09-26 23:22:35
47,Boubacar,Kamara,Kamara,Aston Villa,MID,1999-11-23,443,5,0,1,0,2,7,0,0,0,9,16,11,0,0,0.12,0.16,0.28,8.44,2026-27,2026-09-26 23:22:35
48,Amadou,Onana,Onana,Aston Villa,MID,2001-08-16,0,0,0,0,0,0,0,0,0,0,0,0,0,0,0,0.0,0.0,0.0,0.0,2026-27,2026-09-26 23:22:35
49,Samuel,Iling-Junior,Iling Jr,Aston Villa,MID,2003-10-04,0,0,0,0,0,0,0,0,0,0,0,0,0,0,0,0.0,0.0,0.0,0.0,2026-27,2026-09-26 23:22:35
50,Bradley,Burrowes,Burrowes,Aston Villa,MID,2008-03-04,0,0,0,0,0,0,0,0,0,0,0,0,0,0,0,0.0,0.0,0.0,0.0,2026-27,2026-09-26 23:22:35
51,George,Hemmings,George Hemmings,Aston Villa,MID,2007-03-04,297,4,0,0,0,1,7,0,0,0,6,10,3,0,0,0.07,0.16,0.23,6.26,2026-27,2026-09-26 23:22:35
52,Alysson Edward Franco,da Rocha dos Santos,Alysson,Aston Villa,MID,2006-05-05,87,0,1,0,0,0,2,0,0,0,2,4,2,1,0,0.06,0.0,0.06,2.4,2026-27,2026-09-26 23:22:35
53,Johan,Manzambi,Manzambi,Aston Villa,MID,2005-10-14,98,1,1,1,0,1,1,0,0,0,2,5,2,0,0,0.44,0.24,0.68,1.54,2026-27,2026-09-26 23:22:35
54,Joao,Gomes,Gomes,Aston Villa,MID,2001-02-12,129,2,0,0,0,0,6,0,0,0,9,5,6,0,1,0.0,0.03,0.03,4.14,2026-27,2026-09-26 23:22:35
55,Ollie,Watkins,Watkins,Aston Villa,FWD,1995-12-30,0,0,0,0,0,0,0,0,0,0,0,0,0,0,0,0.0,0.0,0.0,0.0,2026-27,2026-09-26 23:22:35
56,Tammy,Abraham,Abraham,Aston Villa,FWD,1997-10-02,71,0,0,0,0,0,3,0,0,0,1,1,0,0,0,0.0,0.0,0.0,2.69,2026-27,2026-09-26 23:22:35
160,Alejandro,Garnacho Ferreyra,Garnacho,Aston Villa,MID,2004-07-01,31,0,0,0,0,0,0,0,0,0,0,2,0,0,0,0.0,0.0,0.0,0.49,2026-27,2026-09-26 23:22:35
166,Nicolas,Jackson,N.Jackson,Aston Villa,FWD,2001-06-20,286,4,1,0,0,1,2,0,0,0,0,8,1,2,0,0.68,0.6,1.28,2.75,2026-27,2026-09-26 23:22:35
582,Brian,Madjo,Madjo,Aston Villa,FWD,2009-01-12,0,0,0,0,0,0,0,0,0,0,0,0,0,0,0,0.0,0.0,0.0,0.0,2026-27,2026-09-26 23:22:35
596,Matteo,Ruggeri,Ruggeri,Aston Villa,DEF,2002-07-11,113,1,0,0,0,0,2,0,0,0,2,11,14,0,0,0.03,0.02,0.05,2.05,2026-27,2026-09-26 23:22:35
597,Zion,Suzuki,Suzuki,Aston Villa,GKP,2002-08-21,360,4,0,0,0,1,5,0,15,0,0,43,8,0,0,0.0,0.01,0.01,5.45,2026-27,2026-09-26 23:22:35
606,Triston,Rowe,Rowe,Aston Villa,DEF,2006-10-02,0,0,0,0,0,0,0,0,0,0,0,0,0,0,0,0.0,0.0,0.0,0.0,2026-27,2026-09-26 23:22:35
607,Luka,Lynch,Lynch,Aston Villa,MID,2007-01-11,0,0,0,0,0,0,0,0,0,0,0,0,0,0,0,0.0,0.0,0.0,0.0,2026-27,2026-09-26 23:22:35
611,Aaron,Wan-Bissaka,Wan-Bissaka,Aston Villa,DEF,1997-11-26,152,2,0,0,0,0,2,0,0,0,9,1,12,0,0,0.0,0.07,0.07,3.27,2026-27,2026-09-26 23:22:35
618,Leon,Goretzka,Goretzka,Aston Villa,MID,1995-02-06,0,0,0,0,0,0,0,0,0,0,0,0,0,0,0,0.0,0.0,0.0,0.0,2026-27,2026-09-26 23:22:35
630,Taylor,Harwood-Bellis,Harwood-Bellis,Aston Villa,DEF,2002-01-30,0,0,0,0,0,0,0,0,0,0,0,0,0,0,0,0.0,0.0,0.0,0.0,2026-27,2026-09-26 23:22:35
631,Ibrahim,Mbaye,Mbaye,Aston Villa,MID,2008-01-24,33,0,0,0,0,0,3,0,0,0,1,1,0,0,0,0.02,0.13,0.15,1.64,2026-27,2026-09-26 23:22:35
667,James,Wright,Wright,Aston Villa,GKP,2004-12-02,0,0,0,0,0,0,0,0,0,0,0,0,0,0,0,0.0,0.0,0.0,0.0,2026-27,2026-09-26 23:22:35
57,Đorđe,Petrović,Petrović,Bournemouth,GKP,1999-10-08,450,5,0,0,0,0,8,0,11,0,0,43,6,0,0,0.0,0.0,0.0,6.95,2026-27,2026-09-26 23:22:35
58,Fraser,Forster,Forster,Bournemouth,GKP,1988-03-17,0,0,0,0,0,0,0,0,0,0,0,0,0,0,0,0.0,0.0,0.0,0.0,2026-27,2026-09-26 23:22:35
59,Will,Dennis,Dennis,Bournemouth,GKP,2000-07-10,0,0,0,0,0,0,0,0,0,0,0,0,0,0,0,0.0,0.0,0.0,0.0,2026-27,2026-09-26 23:22:35
60,James,Hill,Hill,Bournemouth,DEF,2002-01-10,450,5,0,0,0,0,8,0,0,0,9,11,41,1,0,0.0,0.79,0.79,6.95,2026-27,2026-09-26 23:22:35
61,Adrien,Truffert,Truffert,Bournemouth,DEF,2001-11-20,450,5,0,0,0,0,8,0,0,0,17,24,28,1,0,0.11,0.29,0.4,6.95,2026-27,2026-09-26 23:22:35
62,Bafodé,Diakité,Diakité,Bournemouth,DEF,2001-01-06,0,0,0,0,0,0,0,0,0,0,0,0,0,0,0,0.0,0.0,0.0,0.0,2026-27,2026-09-26 23:22:35
63,Veljko,Milosavljevic,Milosavljević,Bournemouth,DEF,2007-06-28,0,0,0,0,0,0,0,0,0,0,0,0,0,0,0,0.0,0.0,0.0,0.0,2026-27,2026-09-26 23:22:35
64,Adam,Smith,Smith,Bournemouth,DEF,1991-04-29,434,5,0,0,0,0,8,0,0,0,5,15,16,3,0,0.01,0.09,0.1,6.7,2026-27,2026-09-26 23:22:35
65,Julián,Araujo Zúñiga,J.Araujo,Bournemouth,DEF,2001-08-13,0,0,0,0,0,0,0,0,0,0,0,0,0,0,0,0.0,0.0,0.0,0.0,2026-27,2026-09-26 23:22:35
66,Julio,Soler Barreto,Soler,Bournemouth,DEF,2005-02-16,0,0,0,0,0,0,0,0,0,0,0,0,0,0,0,0.0,0.0,0.0,0.0,2026-27,2026-09-26 23:22:35
67,Rayan Vitor,Simplício Rocha,Rayan,Bournemouth,MID,2006-08-03,434,5,0,0,0,0,7,0,0,0,5,4,6,0,0,0.87,0.43,1.3,6.35,2026-27,2026-09-26 23:22:35
68,Marcus,Tavernier,Tavernier,Bournemouth,MID,1999-03-22,424,5,3,0,0,0,8,0,0,0,11,26,5,2,0,1.7,0.92,2.62,6.54,2026-27,2026-09-26 23:22:35
69,Alex,Scott,Scott,Bournemouth,MID,2003-08-21,446,5,1,2,0,1,7,0,0,0,9,36,15,1,0,0.64,0.42,1.06,6.82,2026-27,2026-09-26 23:22:35
70,Justin,Kluivert,Kluivert,Bournemouth,MID,1999-05-05,294,4,1,0,0,2,3,0,0,0,4,16,2,1,0,0.99,0.08,1.07,4.48,2026-27,2026-09-26 23:22:35
71,Lewis,Cook,Cook,Bournemouth,MID,1997-02-03,180,2,0,0,0,2,1,0,0,0,1,6,7,1,0,0.0,0.01,0.01,4.2,2026-27,2026-09-26 23:22:35
72,Ben,Gannon-Doak,Gannon-Doak,Bournemouth,MID,2005-11-11,12,0,0,0,0,0,1,0,0,0,2,5,0,0,0,0.12,0.05,0.17,0.6,2026-27,2026-09-26 23:22:35
73,Tyler,Adams,Adams,Bournemouth,MID,1999-02-14,279,3,0,0,0,0,7,0,0,0,7,22,12,0,0,0.03,0.07,0.1,2.74,2026-27,2026-09-26 23:22:35
74,David,Brooks,Brooks,Bournemouth,MID,1997-07-08,45,0,0,0,0,0,2,0,0,0,0,3,2,1,0,0.0,0.07,0.07,0.75,2026-27,2026-09-26 23:22:35
75,Ryan,Christie,Christie,Bournemouth,MID,1995-02-22,102,1,0,0,0,0,2,0,0,0,1,10,3,0,0,0.5,0.13,0.63,1.64,2026-27,2026-09-26 23:22:35
76,Alex,Tóth,Tóth.A,Bournemouth,MID,2005-10-23,17,0,0,0,0,0,2,0,0,0,1,1,0,0,0,0.0,0.0,0.0,0.56,2026-27,2026-09-26 23:22:35
77,Amine,Adli,Adli,Bournemouth,MID,2000-05-10,0,0,0,0,0,0,0,0,0,0,0,0,0,0,0,0.0,0.0,0.0,0.0,2026-27,2026-09-26 23:22:35
78,Junior,Kroupi,Kroupi.Jr,Bournemouth,MID,2006-06-23,0,0,0,0,0,0,0,0,0,0,0,0,0,0,0,0.0,0.0,0.0,0.0,2026-27,2026-09-26 23:22:35
79,Francisco Evanilson,de Lima Barbosa,Evanilson,Bournemouth,FWD,1999-10-06,424,5,0,3,0,2,5,0,0,0,3,13,11,1,0,0.87,0.52,1.39,6.45,2026-27,2026-09-26 23:22:35
80,Enes,Ünal,Enes Ünal,Bournemouth,FWD,1997-05-10,0,0,0,0,0,0,0,0,0,0,0,0,0,0,0,0.0,0.0,0.0,0.0,2026-27,2026-09-26 23:22:35
81,Álvaro,Rodríguez,Rodríguez,Bournemouth,FWD,2004-07-14,10,0,0,0,0,0,1,0,0,0,0,1,0,0,0,0.0,0.0,0.0,0.18,2026-27,2026-09-26 23:22:35
566,António João,Pereira de Albuquerque Tavares da Silva,Silva,Bournemouth,DEF,2003-10-30,450,5,0,0,0,0,8,0,0,0,5,14,51,2,0,0.85,0.29,1.14,6.95,2026-27,2026-09-26 23:22:35
573,Juanlu,Sánchez,Sanchez,Bournemouth,DEF,2003-08-15,0,0,0,0,0,0,0,0,0,0,0,0,0,0,0,0.0,0.0,0.0,0.0,2026-27,2026-09-26 23:22:35
608,Daniel,Jebbison,Jebbison,Bournemouth,FWD,2003-08-13,31,0,0,0,0,0,2,0,0,0,0,1,0,0,0,0.1,0.0,0.1,0.61,2026-27,2026-09-26 23:22:35
615,Michele,Di Gregorio,Di Gregorio,Bournemouth,GKP,1997-07-27,0,0,0,0,0,0,0,0,0,0,0,0,0,0,0,0.0,0.0,0.0,0.0,2026-27,2026-09-26 23:22:35
82,Caoimhín,Kelleher,Kelleher,Brentford,GKP,1998-11-23,450,5,0,0,0,2,4,0,17,0,0,34,7,0,0,0.0,0.01,0.01,6.32,2026-27,2026-09-26 23:22:35
83,Hákon Rafn,Valdimarsson,Valdimarsson,Brentford,GKP,2001-10-13,0,0,0,0,0,0,0,0,0,0,0,0,0,0,0,0.0,0.0,0.0,0.0,2026-27,2026-09-26 23:22:35
84,Nathan,Collins,Collins,Brentford,DEF,2001-04-30,196,3,0,0,0,1,1,0,0,0,2,11,15,1,0,0.51,0.05,0.56,2.13,2026-27,2026-09-26 23:22:35
85,Sepp,van den Berg,Van den Berg,Brentford,DEF,2001-12-20,0,0,0,0,0,0,0,0,0,0,0,0,0,0,0,0.0,0.0,0.0,0.0,2026-27,2026-09-26 23:22:35
86,Keane,Lewis-Potter,Lewis-Potter,Brentford,MID,2001-02-22,406,5,1,1,0,2,4,0,0,0,6,15,17,0,0,1.21,0.79,2.0,5.69,2026-27,2026-09-26 23:22:35
87,Kristoffer,Ajer,Ajer,Brentford,DEF,1998-04-17,450,5,0,0,0,2,4,0,0,0,4,11,46,1,0,0.13,0.08,0.21,6.32,2026-27,2026-09-26 23:22:35
88,Michael,Kayode,Kayode,Brentford,DEF,2004-07-10,294,4,1,0,0,2,1,0,0,0,2,14,14,0,0,0.55,0.43,0.98,3.24,2026-27,2026-09-26 23:22:35
89,Rico,Henry,Henry,Brentford,DEF,1997-07-08,2,0,0,0,0,0,0,0,0,0,0,0,0,0,0,0.0,0.0,0.0,0.0,2026-27,2026-09-26 23:22:35
90,Aaron,Hickey,Hickey,Brentford,DEF,2002-06-10,152,1,0,0,0,0,3,0,0,0,4,8,13,0,0,0.03,0.06,0.09,3.07,2026-27,2026-09-26 23:22:35
92,Kim,Ji-soo,Ji-soo,Brentford,DEF,2004-12-24,0,0,0,0,0,0,0,0,0,0,0,0,0,0,0,0.0,0.0,0.0,0.0,2026-27,2026-09-26 23:22:35
93,Jannik,Schuster,Schuster,Brentford,DEF,2006-05-16,253,2,0,1,0,1,3,0,0,0,3,6,35,0,0,0.1,0.54,0.64,4.19,2026-27,2026-09-26 23:22:35
94,Kevin,Schade,Schade,Brentford,MID,2001-11-27,447,5,3,2,0,2,4,0,0,0,7,21,6,0,0,1.52,0.32,1.84,6.32,2026-27,2026-09-26 23:22:35
95,Dango,Ouattara,O.Dango,Brentford,MID,2002-02-11,179,2,0,0,0,1,1,0,0,0,2,17,9,0,0,0.09,0.39,0.48,2.81,2026-27,2026-09-26 23:22:35
96,Mikkel,Damsgaard,Damsgaard,Brentford,MID,2000-07-03,283,3,0,1,0,2,1,0,0,0,7,18,6,0,0,0.17,0.73,0.9,3.06,2026-27,2026-09-26 23:22:35
97,Mathias,Jensen,Jensen,Brentford,MID,1996-01-01,66,1,0,1,0,1,0,0,0,0,2,3,0,0,0,0.08,0.34,0.42,0.47,2026-27,2026-09-26 23:22:35
98,Vitaly,Janelt,Janelt,Brentford,MID,1998-05-10,450,5,2,0,0,2,4,0,0,0,17,20,27,3,0,0.53,0.44,0.97,6.32,2026-27,2026-09-26 23:22:35
99,Antoni,Milambo,Milambo,Brentford,MID,2005-04-03,0,0,0,0,0,0,0,0,0,0,0,0,0,0,0,0.0,0.0,0.0,0.0,2026-27,2026-09-26 23:22:35
100,Fábio,Freitas Gouveia Carvalho,Carvalho,Brentford,MID,2002-08-30,3,0,1,0,0,0,0,0,0,0,0,0,0,0,0,0.43,0.0,0.43,0.13,2026-27,2026-09-26 23:22:35
102,Yehor,Yarmoliuk,Yarmoliuk,Brentford,MID,2004-03-01,216,2,0,1,0,1,4,0,0,0,5,14,7,1,0,0.1,0.3,0.4,4.58,2026-27,2026-09-26 23:22:35
103,Josh,Dasilva,Dasilva,Brentford,MID,1998-10-23,0,0,0,0,0,0,0,0,0,0,0,0,0,0,0,0.0,0.0,0.0,0.0,2026-27,2026-09-26 23:22:35
105,Jaidon,Anthony,Anthony,Brentford,MID,1999-12-01,267,3,1,0,0,2,3,0,0,0,4,16,6,1,0,1.15,0.54,1.69,3.5,2026-27,2026-09-26 23:22:35
106,Igor Thiago,Nascimento Rodrigues,Thiago,Brentford,FWD,2001-06-26,442,5,1,0,1,2,4,0,0,0,3,12,4,2,0,3.13,0.16,3.29,6.25,2026-27,2026-09-26 23:22:35
107,Kaye,Furo,Furo,Brentford,FWD,2007-02-06,0,0,0,0,0,0,0,0,0,0,0,0,0,0,0,0.0,0.0,0.0,0.0,2026-27,2026-09-26 23:22:35
108,Callum,Wilson,Wilson,Brentford,FWD,1992-02-27,13,0,0,0,0,0,0,0,0,0,0,1,1,0,0,0.07,0.04,0.11,0.15,2026-27,2026-09-26 23:22:35
565,Mamadou,Sangaré,M.Sangaré,Brentford,MID,2002-06-26,321,4,0,2,0,1,3,0,0,0,14,22,12,2,0,0.41,0.65,1.06,4.31,2026-27,2026-09-26 23:22:35
620,El Hadji Malick,Diouf,Diouf,Brentford,DEF,2004-12-29,39,0,0,0,0,0,0,0,0,0,0,1,2,0,0,0.0,0.01,0.01,0.63,2026-27,2026-09-26 23:22:35
657,Gustavo,Nunes Fernandes Gomes,Nunes,Brentford,MID,2005-11-20,0,0,0,0,0,0,0,0,0,0,0,0,0,0,0,0.0,0.0,0.0,0.0,2026-27,2026-09-26 23:22:35
660,Benjamin,Fredrick,Fredrick,Brentford,DEF,2005-05-28,0,0,0,0,0,0,0,0,0,0,0,0,0,0,0,0.0,0.0,0.0,0.0,2026-27,2026-09-26 23:22:35
661,Ellery,Balcombe,Balcombe,Brentford,GKP,1999-10-15,0,0,0,0,0,0,0,0,0,0,0,0,0,0,0,0.0,0.0,0.0,0.0,2026-27,2026-09-26 23:22:35
109,Bart,Verbruggen,Verbruggen,Brighton,GKP,2002-08-18,450,5,0,0,0,3,5,0,12,0,0,34,3,0,0,0.0,0.2,0.2,8.67,2026-27,2026-09-26 23:22:35
111,Jason,Steele,Steele,Brighton,GKP,1990-08-18,0,0,0,0,0,0,0,0,0,0,0,0,0,0,0,0.0,0.0,0.0,0.0,2026-27,2026-09-26 23:22:35
113,Ferdi,Kadıoğlu,F.Kadıoğlu,Brighton,DEF,1999-10-07,332,4,0,0,0,2,5,0,0,0,1,8,9,1,0,0.12,0.13,0.25,7.55,2026-27,2026-09-26 23:22:35
114,Olivier,Boscagli,Boscagli,Brighton,DEF,1997-11-18,437,5,0,0,0,3,5,0,0,0,4,17,25,1,0,0.07,0.53,0.6,8.45,2026-27,2026-09-26 23:22:35
115,Maxim,De Cuyper,De Cuyper,Brighton,DEF,2000-12-22,423,5,1,3,0,3,5,0,0,0,8,18,8,2,0,1.55,0.67,2.22,8.58,2026-27,2026-09-26 23:22:35
116,Lewis,Dunk,Dunk,Brighton,DEF,1991-11-21,360,4,1,0,0,2,5,0,0,0,3,13,20,1,0,0.03,0.09,0.12,7.04,2026-27,2026-09-26 23:22:35
117,Diego,Coppola,Coppola,Brighton,DEF,,0,0,0,0,0,0,0,0,0,0,0,0,0,0,0,0.0,0.0,0.0,0.0,2026-27,2026-09-26 23:22:35
118,Igor Julio,dos Santos de Paulo,Igor,Brighton,DEF,1998-02-07,0,0,0,0,0,0,0,0,0,0,0,0,0,0,0,0.0,0.0,0.0,0.0,2026-27,2026-09-26 23:22:35
119,João Pedro,Loureiro da Costa,Costinha,Brighton,DEF,2000-03-26,68,0,0,0,0,0,0,0,0,0,1,1,6,1,0,0.12,0.3,0.42,1.02,2026-27,2026-09-26 23:22:35
120,Michael,Svoboda,Svoboda,Brighton,DEF,1998-10-15,4,0,0,0,0,0,0,0,0,0,1,1,0,0,0,0.0,0.0,0.0,0.14,2026-27,2026-09-26 23:22:35
121,Mitoma,Kaoru,Mitoma,Brighton,MID,1997-05-20,0,0,0,0,0,0,0,0,0,0,0,0,0,0,0,0.0,0.0,0.0,0.0,2026-27,2026-09-26 23:22:35
122,Yankuba,Minteh,Minteh,Brighton,MID,2004-07-22,0,0,0,0,0,0,0,0,0,0,0,0,0,0,0,0.0,0.0,0.0,0.0,2026-27,2026-09-26 23:22:35
123,Jack,Hinshelwood,Hinshelwood,Brighton,MID,2005-04-11,63,1,2,0,0,1,0,0,0,0,2,1,0,0,0,1.41,0.02,1.43,0.19,2026-27,2026-09-26 23:22:35
124,Pascal,Groß,Groß,Brighton,MID,1991-06-15,450,5,3,4,0,3,5,0,0,0,7,10,9,2,0,1.77,0.86,2.63,8.67,2026-27,2026-09-26 23:22:35
125,Georginio,Rutter,Georginio,Brighton,FWD,2002-04-20,104,1,0,1,0,1,0,0,0,0,2,6,1,0,0,0.17,0.45,0.62,1.03,2026-27,2026-09-26 23:22:35
126,Matt,O'Riley,O'Riley,Brighton,MID,2000-11-21,10,0,0,0,0,0,0,0,0,0,0,1,2,0,0,0.28,0.01,0.29,0.18,2026-27,2026-09-26 23:22:35
127,Diego,Gómez Amarilla,Gomez,Brighton,MID,2003-03-27,433,5,0,3,0,3,5,0,0,0,13,16,7,0,0,0.79,0.78,1.57,8.49,2026-27,2026-09-26 23:22:35
128,Facundo,Buonanotte,Buonanotte,Brighton,MID,2004-12-23,0,0,0,0,0,0,0,0,0,0,0,0,0,0,0,0.0,0.0,0.0,0.0,2026-27,2026-09-26 23:22:35
129,Yasin,Ayari,Ayari,Brighton,MID,2003-10-06,333,4,1,0,0,3,1,0,0,0,2,15,4,1,0,0.7,0.18,0.88,5.64,2026-27,2026-09-26 23:22:35
130,Mats,Wieffer,Wieffer,Brighton,DEF,1999-11-16,156,2,0,0,0,1,4,0,0,0,4,9,11,0,0,0.12,0.13,0.25,3.18,2026-27,2026-09-26 23:22:35
132,Harry,Howell,Howell,Brighton,MID,,0,0,0,0,0,0,0,0,0,0,0,0,0,0,0,0.0,0.0,0.0,0.0,2026-27,2026-09-26 23:22:35
133,Tom,Watson,Watson,Brighton,MID,2006-04-08,0,0,0,0,0,0,0,0,0,0,0,0,0,0,0,0.0,0.0,0.0,0.0,2026-27,2026-09-26 23:22:35
134,Nehemiah,Oriola,Oriola,Brighton,MID,2007-06-11,0,0,0,0,0,0,0,0,0,0,0,0,0,0,0,0.0,0.0,0.0,0.0,2026-27,2026-09-26 23:22:35
135,Zadok,Yohanna,Yohanna,Brighton,MID,2007-06-29,12,0,0,0,0,0,0,0,0,0,0,0,0,0,0,0.0,0.03,0.03,0.0,2026-27,2026-09-26 23:22:35
137,Stefanos,Tzimas,Tzimas,Brighton,FWD,2006-01-06,0,0,0,0,0,0,0,0,0,0,0,0,0,0,0,0.0,0.0,0.0,0.0,2026-27,2026-09-26 23:22:35
138,Charalampos,Kostoulas,Kostoulas,Brighton,FWD,2007-05-30,353,4,2,3,0,2,5,0,0,0,4,18,5,1,0,1.35,0.06,1.41,7.67,2026-27,2026-09-26 23:22:35
139,Evan,Ferguson,Ferguson,Brighton,FWD,2004-10-19,0,0,0,0,0,0,0,0,0,0,0,0,0,0,0,0.0,0.0,0.0,0.0,2026-27,2026-09-26 23:22:35
328,Pascal,Struijk,Struijk,Brighton,DEF,1999-08-11,98,1,0,0,0,1,0,0,0,0,1,6,9,1,0,0.16,0.01,0.17,1.7,2026-27,2026-09-26 23:22:35
504,Luka,Vušković,Vuskovic,Brighton,DEF,2007-02-24,437,5,1,0,0,3,5,0,0,0,6,17,37,0,0,0.46,0.07,0.53,8.45,2026-27,2026-09-26 23:22:35
594,Promise,David,David,Brighton,FWD,2001-07-03,23,0,0,0,0,0,0,0,0,0,0,0,0,1,0,0.42,0.0,0.42,0.14,2026-27,2026-09-26 23:22:35
600,Ibrahim,Osman,Osman,Brighton,MID,2004-11-29,40,0,0,0,0,0,1,0,0,0,1,3,0,0,0,0.05,0.07,0.12,0.32,2026-27,2026-09-26 23:22:35
605,Malick,Yalcouyé,Yalcouyé,Brighton,MID,2005-11-18,236,3,2,0,0,1,4,0,0,0,6,7,6,0,0,1.46,0.45,1.91,6.57,2026-27,2026-09-26 23:22:35
614,Jaouen,Hadjam,Hadjam,Brighton,DEF,2003-03-26,0,0,0,0,0,0,0,0,0,0,0,0,0,0,0,0.0,0.0,0.0,0.0,2026-27,2026-09-26 23:22:35
624,Amario,Cozier-Duberry,Cozier-Duberry,Brighton,MID,,0,0,0,0,0,0,0,0,0,0,0,0,0,0,0,0.0,0.0,0.0,0.0,2026-27,2026-09-26 23:22:35
639,José María,Andrés Baixauli,Andrés,Brighton,MID,2005-04-25,109,1,1,1,0,1,0,0,0,0,1,8,4,0,0,0.52,0.12,0.64,1.7,2026-27,2026-09-26 23:22:35
652,Femi,Azeez,Azeez,Brighton,MID,2001-06-05,0,0,0,0,0,0,0,0,0,0,0,0,0,0,0,0.0,0.0,0.0,0.0,2026-27,2026-09-26 23:22:35
658,Younes,Ibrahim,Ibrahim,Brighton,MID,2008-02-16,0,0,0,0,0,0,0,0,0,0,0,0,0,0,0,0.0,0.0,0.0,0.0,2026-27,2026-09-26 23:22:35
28,Emiliano,Martínez Romero,Martinez,Chelsea,GKP,1992-09-02,360,4,0,0,0,0,10,0,18,0,0,37,1,0,0,0.0,0.01,0.01,7.49,2026-27,2026-09-26 23:22:35
40,Morgan,Rogers,Rogers,Chelsea,MID,2002-07-26,437,5,3,1,0,0,12,0,0,0,5,23,3,1,0,1.72,1.23,2.95,8.73,2026-27,2026-09-26 23:22:35
101,Jordan,Henderson,Henderson,Chelsea,MID,1990-06-17,90,1,0,0,0,0,3,0,0,0,1,7,2,0,0,0.0,0.08,0.08,2.65,2026-27,2026-09-26 23:22:35
136,Danny,Welbeck,Welbeck,Chelsea,FWD,1990-11-26,85,1,0,0,0,0,1,0,0,0,1,2,2,0,0,0.0,0.14,0.14,1.99,2026-27,2026-09-26 23:22:35
140,Robert,Lynch Sánchez,Sánchez,Chelsea,GKP,1997-11-18,90,1,0,0,0,0,2,0,4,0,0,5,1,0,0,0.0,0.01,0.01,1.33,2026-27,2026-09-26 23:22:35
141,Filip,Jörgensen,Jörgensen,Chelsea,GKP,2002-04-16,0,0,0,0,0,0,0,0,0,0,0,0,0,0,0,0.0,0.0,0.0,0.0,2026-27,2026-09-26 23:22:35
142,Reece,James,James,Chelsea,DEF,1999-12-08,292,3,0,0,0,0,7,0,0,0,2,15,11,1,0,0.33,0.26,0.59,4.9,2026-27,2026-09-26 23:22:35
143,Trevoh,Chalobah,Chalobah,Chelsea,DEF,1999-07-05,0,0,0,0,0,0,0,0,0,0,0,0,0,0,0,0.0,0.0,0.0,0.0,2026-27,2026-09-26 23:22:35
144,Malo,Gusto,Gusto,Chelsea,DEF,2003-05-19,272,3,0,0,0,0,7,0,0,0,4,13,11,0,0,0.08,0.12,0.2,3.5,2026-27,2026-09-26 23:22:35
145,Wesley,Fofana,Fofana,Chelsea,DEF,2000-12-17,312,4,0,0,0,0,7,0,0,0,7,11,40,1,0,0.0,0.08,0.08,5.65,2026-27,2026-09-26 23:22:35
146,Benoît,Badiashile Mukinayi,B.Badiashile,Chelsea,DEF,2001-03-26,0,0,0,0,0,0,0,0,0,0,0,0,0,0,0,0.0,0.0,0.0,0.0,2026-27,2026-09-26 23:22:35
148,Jorrel,Hato,Hato,Chelsea,DEF,2006-03-07,258,4,0,2,0,0,9,0,0,0,7,9,11,0,0,0.01,0.21,0.22,4.81,2026-27,2026-09-26 23:22:35
149,Levi,Samuels Colwill,Colwill,Chelsea,DEF,2003-02-26,341,4,0,0,0,0,9,0,0,0,3,15,23,1,0,0.01,0.05,0.06,6.67,2026-27,2026-09-26 23:22:35
150,Mamadou,Sarr,M.Sarr,Chelsea,DEF,2005-08-29,0,0,0,0,0,0,0,0,0,0,0,0,0,0,0,0.0,0.0,0.0,0.0,2026-27,2026-09-26 23:22:35
151,Josh,Acheampong,Acheampong,Chelsea,DEF,2006-05-05,221,2,0,0,0,0,7,0,0,0,7,7,13,0,0,0.0,0.03,0.03,4.72,2026-27,2026-09-26 23:22:35
152,Marco,Palestra,Palestra,Chelsea,DEF,2005-03-03,0,0,0,0,0,0,0,0,0,0,0,0,0,0,0,0.0,0.0,0.0,0.0,2026-27,2026-09-26 23:22:35
154,Cole,Palmer,Palmer,Chelsea,MID,2002-05-06,442,5,2,2,0,0,12,0,0,0,7,19,3,1,0,1.31,0.79,2.1,8.73,2026-27,2026-09-26 23:22:35
156,Pedro,Lomba Neto,Neto,Chelsea,MID,2000-03-09,332,4,1,0,0,0,8,0,0,0,6,14,8,0,0,0.68,0.58,1.26,6.64,2026-27,2026-09-26 23:22:35
157,Estêvão,Almeida de Oliveira Gonçalves,Estêvão,Chelsea,MID,2007-04-24,23,0,0,0,0,0,1,0,0,0,1,1,0,0,0,0.07,0.07,0.14,1.01,2026-27,2026-09-26 23:22:35
158,Jamie,Bynoe-Gittens,Gittens,Chelsea,MID,2004-08-08,0,0,0,0,0,0,0,0,0,0,0,0,0,0,0,0.0,0.0,0.0,0.0,2026-27,2026-09-26 23:22:35
159,Moisés,Caicedo Corozo,Caicedo,Chelsea,MID,2001-11-02,13,0,0,0,0,0,0,0,0,0,0,0,0,0,0,0.0,0.0,0.0,0.07,2026-27,2026-09-26 23:22:35
161,Roméo,Lavia,Lavia,Chelsea,MID,2004-01-06,258,4,1,0,0,0,8,0,0,0,6,15,10,1,0,0.75,0.11,0.86,5.06,2026-27,2026-09-26 23:22:35
163,Dário,Luís Essugo,D.Essugo,Chelsea,MID,2005-03-14,0,0,0,0,0,0,0,0,0,0,0,0,0,0,0,0.0,0.0,0.0,0.0,2026-27,2026-09-26 23:22:35
164,Geovany,Quenda,Quenda,Chelsea,MID,2007-04-30,27,0,0,0,0,0,2,0,0,0,0,0,1,0,0,0.03,0.01,0.04,1.29,2026-27,2026-09-26 23:22:35
165,João Pedro,Junqueira de Jesus,João Pedro,Chelsea,FWD,2001-09-26,360,4,3,3,0,0,9,1,0,0,1,5,3,1,0,2.17,0.19,2.36,6.17,2026-27,2026-09-26 23:22:35
168,Marc,Guiu Paz,Marc Guiu,Chelsea,FWD,2006-01-04,0,0,0,0,0,0,0,0,0,0,0,0,0,0,0,0.0,0.0,0.0,0.0,2026-27,2026-09-26 23:22:35
169,Shumaira,Mheuka,Mheuka,Chelsea,FWD,,0,0,0,0,0,0,0,0,0,0,0,0,0,0,0,0.0,0.0,0.0,0.0,2026-27,2026-09-26 23:22:35
170,Emmanuel,Emegha,Emegha,Chelsea,FWD,2003-02-03,0,0,0,0,0,0,0,0,0,0,0,0,0,0,0,0.0,0.0,0.0,0.0,2026-27,2026-09-26 23:22:35
200,Maxence,Lacroix,Lacroix,Chelsea,DEF,2000-04-06,364,4,0,1,0,0,10,0,0,0,10,8,37,1,0,0.15,0.22,0.37,7.93,2026-27,2026-09-26 23:22:35
560,Mike,Penders,Penders,Chelsea,GKP,2005-07-31,0,0,0,0,0,0,0,0,0,0,0,0,0,0,0,0.0,0.0,0.0,0.0,2026-27,2026-09-26 23:22:35
561,Aaron,Anselmino,Anselmino,Chelsea,DEF,2005-04-29,0,0,0,0,0,0,0,0,0,0,0,0,0,0,0,0.0,0.0,0.0,0.0,2026-27,2026-09-26 23:22:35
568,Valentín,Barco,Barco,Chelsea,MID,2004-07-23,115,1,0,0,0,0,3,0,0,0,3,5,4,1,0,0.07,0.11,0.18,2.83,2026-27,2026-09-26 23:22:35
583,Pep,Chavarría,Chavarria,Chelsea,DEF,1998-04-10,208,1,0,0,0,0,4,0,0,0,5,7,11,0,0,0.04,0.07,0.11,4.1,2026-27,2026-09-26 23:22:35
662,Mahdi,Nicoll-Jazuli,Nicoll-Jazuli,Chelsea,MID,2010-01-06,3,0,0,0,0,0,1,0,0,0,2,0,0,0,0,0.0,0.0,0.0,0.43,2026-27,2026-09-26 23:22:35
91,Ethan,Pinnock,Pinnock,Coventry City,DEF,1993-05-29,282,3,0,0,0,1,7,0,0,0,3,4,41,1,0,0.12,0.0,0.12,6.57,2026-27,2026-09-26 23:22:35
104,Frank,Onyeka,Onyeka,Coventry City,MID,1998-01-01,314,4,0,0,0,1,7,0,0,0,5,14,9,0,0,0.03,0.02,0.05,6.31,2026-27,2026-09-26 23:22:35
110,Carl,Rushworth,Rushworth,Coventry City,GKP,2001-07-02,450,5,0,1,0,1,10,0,9,0,0,50,4,0,0,0.0,0.02,0.02,8.63,2026-27,2026-09-26 23:22:35
171,Oliver,Dovin,Dovin,Coventry City,GKP,2002-07-11,0,0,0,0,0,0,0,0,0,0,0,0,0,0,0,0.0,0.0,0.0,0.0,2026-27,2026-09-26 23:22:35
172,Ben,Wilson,Wilson,Coventry City,GKP,1992-08-09,0,0,0,0,0,0,0,0,0,0,0,0,0,0,0,0.0,0.0,0.0,0.0,2026-27,2026-09-26 23:22:35
173,Bobby,Thomas,Thomas,Coventry City,DEF,2001-01-30,437,5,0,0,0,2,9,0,0,0,3,16,49,0,0,0.49,0.3,0.79,8.09,2026-27,2026-09-26 23:22:35
174,Liam,Kitching,Kitching,Coventry City,DEF,1999-09-25,0,0,0,0,0,0,0,0,0,0,0,0,0,0,0,0.0,0.0,0.0,0.0,2026-27,2026-09-26 23:22:35
175,Milan,van Ewijk,van Ewijk,Coventry City,DEF,2000-09-08,360,4,0,0,0,0,10,0,0,0,6,13,21,1,0,0.0,0.3,0.3,7.53,2026-27,2026-09-26 23:22:35
176,Jay,Dasilva,Dasilva,Coventry City,DEF,1998-04-22,444,5,1,0,0,1,10,0,0,0,4,14,19,0,0,0.5,0.52,1.02,8.63,2026-27,2026-09-26 23:22:35
177,Kaine,Kesler-Hayden,Kesler-Hayden,Coventry City,DEF,2002-10-23,0,0,0,0,0,0,0,0,0,0,0,0,0,0,0,0.0,0.0,0.0,0.0,2026-27,2026-09-26 23:22:35
178,Jake,Bidwell,Bidwell,Coventry City,DEF,1993-03-21,0,0,0,0,0,0,0,0,0,0,0,0,0,0,0,0.0,0.0,0.0,0.0,2026-27,2026-09-26 23:22:35
179,Joel,Latibeaudiere,Latibeaudiere,Coventry City,DEF,2000-01-06,1,0,0,0,0,0,0,0,0,0,0,0,2,0,0,0.0,0.0,0.0,0.02,2026-27,2026-09-26 23:22:35
180,Luke,Woolfenden,Woolfenden,Coventry City,DEF,1998-10-21,0,0,0,0,0,0,0,0,0,0,0,0,0,0,0,0.0,0.0,0.0,0.0,2026-27,2026-09-26 23:22:35
181,Miguel,Brau,Brau,Coventry City,DEF,2001-12-27,0,0,0,0,0,0,0,0,0,0,0,0,0,0,0,0.0,0.0,0.0,0.0,2026-27,2026-09-26 23:22:35
182,Aurèle,Amenda,Amenda,Coventry City,DEF,2003-07-31,360,4,0,0,0,0,10,0,0,0,1,11,23,1,0,0.02,0.39,0.41,7.53,2026-27,2026-09-26 23:22:35
183,Jack,Rudoni,Rudoni,Coventry City,MID,2001-06-14,297,4,0,0,0,2,4,0,0,0,4,21,9,0,0,0.92,1.11,2.03,4.49,2026-27,2026-09-26 23:22:35
184,Matt,Grimes,Grimes,Coventry City,MID,1995-07-15,443,5,0,0,0,1,9,0,0,0,9,16,13,0,0,0.12,0.13,0.25,8.42,2026-27,2026-09-26 23:22:35
185,Tatsuhiro,Sakamoto,Sakamoto,Coventry City,MID,1996-10-22,31,0,0,0,0,0,1,0,0,0,2,2,0,0,0,0.02,0.02,0.04,0.69,2026-27,2026-09-26 23:22:35
186,Ephron,Mason-Clark,Mason-Clark,Coventry City,MID,1999-08-25,231,4,0,0,0,0,3,0,0,0,0,9,6,0,0,0.51,0.12,0.63,3.16,2026-27,2026-09-26 23:22:35
187,Josh,Eccles,Eccles,Coventry City,MID,2000-04-06,0,0,0,0,0,0,0,0,0,0,0,0,0,0,0,0.0,0.0,0.0,0.0,2026-27,2026-09-26 23:22:35
188,Victor,Torp,Torp,Coventry City,MID,1999-07-30,53,0,0,0,0,0,2,0,0,0,0,2,1,0,0,0.0,0.12,0.12,1.22,2026-27,2026-09-26 23:22:35
189,George,Shepherd,Shepherd,Coventry City,MID,,0,0,0,0,0,0,0,0,0,0,0,0,0,0,0,0.0,0.0,0.0,0.0,2026-27,2026-09-26 23:22:35
190,Loum,Tchaouna,Tchaouna,Coventry City,MID,2003-09-08,211,2,0,0,0,0,3,0,0,0,1,11,6,0,0,0.23,0.18,0.41,3.23,2026-27,2026-09-26 23:22:35
191,Raphael,Borges Rodrigues,Borges Rodrigues,Coventry City,MID,2003-09-11,0,0,0,0,0,0,0,0,0,0,0,0,0,0,0,0.0,0.0,0.0,0.0,2026-27,2026-09-26 23:22:35
192,Kai,Andrews,Andrews,Coventry City,MID,2006-08-06,0,0,0,0,0,0,0,0,0,0,0,0,0,0,0,0.0,0.0,0.0,0.0,2026-27,2026-09-26 23:22:35
193,Haji,Wright,Wright,Coventry City,FWD,1998-03-27,0,0,0,0,0,0,0,0,0,0,0,0,0,0,0,0.0,0.0,0.0,0.0,2026-27,2026-09-26 23:22:35
194,Brandon,Thomas-Asante,Thomas-Asante,Coventry City,FWD,1998-12-29,227,2,0,0,0,1,6,0,0,0,3,12,12,0,0,0.34,0.06,0.39,4.98,2026-27,2026-09-26 23:22:35
195,Ellis,Simms,Simms,Coventry City,FWD,2001-01-05,104,1,0,0,0,0,3,0,0,0,0,2,1,0,0,0.3,0.01,0.31,2.79,2026-27,2026-09-26 23:22:35
196,Jahnoah,Markelo,Markelo,Coventry City,FWD,2003-01-04,0,0,0,0,0,0,0,0,0,0,0,0,0,0,0,0.0,0.0,0.0,0.0,2026-27,2026-09-26 23:22:35
197,Norman,Bassette,Bassette,Coventry City,FWD,,0,0,0,0,0,0,0,0,0,0,0,0,0,0,0,0.0,0.0,0.0,0.0,2026-27,2026-09-26 23:22:35
492,Taiwo,Awoniyi,Awoniyi,Coventry City,FWD,1997-08-12,232,3,0,0,0,0,7,0,0,0,1,7,3,0,1,1.3,0.04,1.34,3.55,2026-27,2026-09-26 23:22:35
575,Caleb,Yirenkyi,Yirenkyi,Coventry City,MID,2006-01-15,265,3,0,0,0,2,5,0,0,0,1,13,7,1,0,0.03,0.15,0.18,4.25,2026-27,2026-09-26 23:22:35
584,Gustavo,Hamer,Hamer,Coventry City,MID,1997-06-24,32,0,0,0,0,0,1,0,0,0,1,2,0,0,0,0.0,0.02,0.02,0.82,2026-27,2026-09-26 23:22:35
599,Sidiki,Cherif,Cherif,Coventry City,FWD,2006-12-15,30,0,0,0,0,0,3,0,0,0,0,0,1,0,0,0.0,0.0,0.0,1.43,2026-27,2026-09-26 23:22:35
623,Dan,Bentley,Bentley,Coventry City,GKP,1993-07-13,0,0,0,0,0,0,0,0,0,0,0,0,0,0,0,0.0,0.0,0.0,0.0,2026-27,2026-09-26 23:22:35
655,Yann,Gboho,Gboho,Coventry City,MID,2001-01-14,0,0,0,0,0,0,0,0,0,0,0,0,0,0,0,0.0,0.0,0.0,0.0,2026-27,2026-09-26 23:22:35
656,Stephen,Mfuni,Mfuni,Coventry City,DEF,2008-02-12,90,1,0,0,0,1,0,0,0,0,1,3,7,0,0,0.0,0.01,0.01,1.1,2026-27,2026-09-26 23:22:35
42,Evann,Guessand,Guessand,Crystal Palace,MID,2001-07-01,54,0,0,0,0,0,1,0,0,0,1,0,1,0,0,0.03,0.03,0.06,0.34,2026-27,2026-09-26 23:22:35
153,Axel,Disasi,Disasi,Crystal Palace,DEF,1998-03-11,139,2,0,0,0,0,6,0,0,0,5,11,15,0,1,0.0,0.04,0.04,3.72,2026-27,2026-09-26 23:22:35
198,Dean,Henderson,Henderson,Crystal Palace,GKP,1997-03-12,270,3,0,0,0,0,8,0,12,0,0,31,6,0,0,0.0,0.0,0.0,6.47,2026-27,2026-09-26 23:22:35
199,Walter,Benítez,Benitez,Crystal Palace,GKP,1993-01-19,180,2,0,0,0,1,3,0,5,0,0,11,2,0,0,0.0,0.0,0.0,2.99,2026-27,2026-09-26 23:22:35
202,Chris,Richards,Richards,Crystal Palace,DEF,2000-03-28,450,5,0,0,0,1,11,0,0,0,8,16,46,1,0,0.08,0.07,0.15,9.46,2026-27,2026-09-26 23:22:35
203,Jaydee,Canvot,Canvot,Crystal Palace,DEF,2006-07-29,360,4,0,0,0,1,8,0,0,0,8,11,26,0,0,0.05,0.13,0.18,7.78,2026-27,2026-09-26 23:22:35
204,Tyrick,Mitchell,Mitchell,Crystal Palace,DEF,1999-09-01,419,5,2,0,0,1,10,0,0,0,11,23,14,0,0,0.77,0.26,1.03,8.34,2026-27,2026-09-26 23:22:35
205,Borna,Sosa,Sosa,Crystal Palace,DEF,1998-01-21,0,0,0,0,0,0,0,0,0,0,0,0,0,0,0,0.0,0.0,0.0,0.0,2026-27,2026-09-26 23:22:35
206,Chadi,Riad Dnanou,Chadi Riad,Crystal Palace,DEF,2003-06-17,72,1,0,0,0,0,2,0,0,0,1,3,6,0,0,0.0,0.01,0.01,0.98,2026-27,2026-09-26 23:22:35
207,Oscar,Mingueza,Mingueza,Crystal Palace,DEF,1999-05-13,16,0,0,0,0,0,1,0,0,0,2,1,0,0,0,0.0,0.0,0.0,0.33,2026-27,2026-09-26 23:22:35
208,Ismaïla,Sarr,Sarr,Crystal Palace,MID,1998-02-25,8,0,0,0,0,0,0,0,0,0,0,0,0,0,0,0.0,0.01,0.01,0.06,2026-27,2026-09-26 23:22:35
210,Adam,Wharton,Wharton,Crystal Palace,MID,2004-02-06,436,5,0,0,0,1,10,0,0,0,10,15,16,1,0,0.15,0.58,0.73,8.91,2026-27,2026-09-26 23:22:35
211,Yéremy,Pino Santos,Yeremy,Crystal Palace,MID,2002-10-20,307,4,0,2,0,1,6,0,0,0,5,16,5,1,0,0.52,0.55,1.07,6.93,2026-27,2026-09-26 23:22:35
212,Will,Hughes,Hughes,Crystal Palace,MID,1995-04-17,29,0,0,0,0,0,1,0,0,0,1,3,3,0,0,0.0,0.04,0.04,1.12,2026-27,2026-09-26 23:22:35
213,Jefferson,Lerma Solís,Lerma,Crystal Palace,MID,1994-10-25,51,0,0,0,0,0,1,0,0,0,2,3,7,1,0,0.26,0.0,0.26,1.25,2026-27,2026-09-26 23:22:35
214,Daichi,Kamada,Kamada,Crystal Palace,MID,1996-08-05,441,5,0,3,0,1,10,0,0,0,11,23,4,1,0,0.47,0.38,0.85,8.85,2026-27,2026-09-26 23:22:35
215,Justin,Devenny,Devenny,Crystal Palace,MID,2003-10-11,0,0,0,0,0,0,0,0,0,0,0,0,0,0,0,0.0,0.0,0.0,0.0,2026-27,2026-09-26 23:22:35
216,Romain,Esse,Esse,Crystal Palace,MID,2005-05-13,0,0,0,0,0,0,0,0,0,0,0,0,0,0,0,0.0,0.0,0.0,0.0,2026-27,2026-09-26 23:22:35
217,Matheus,França de Oliveira,M.França,Crystal Palace,MID,2004-04-01,0,0,0,0,0,0,0,0,0,0,0,0,0,0,0,0.0,0.0,0.0,0.0,2026-27,2026-09-26 23:22:35
218,Cheick,Doucouré,Doucouré,Crystal Palace,MID,2000-01-08,0,0,0,0,0,0,0,0,0,0,0,0,0,0,0,0.0,0.0,0.0,0.0,2026-27,2026-09-26 23:22:35
219,Jesurun,Rak-Sakyi,J.Rak-Sakyi,Crystal Palace,MID,2002-10-05,0,0,0,0,0,0,0,0,0,0,0,0,0,0,0,0.0,0.0,0.0,0.0,2026-27,2026-09-26 23:22:35
220,Rio,Cardines,Cardines,Crystal Palace,DEF,2006-07-01,0,0,0,0,0,0,0,0,0,0,0,0,0,0,0,0.0,0.0,0.0,0.0,2026-27,2026-09-26 23:22:35
221,Joél,Drakes-Thomas,Drakes-Thomas,Crystal Palace,MID,2009-06-09,0,0,0,0,0,0,0,0,0,0,0,0,0,0,0,0.0,0.0,0.0,0.0,2026-27,2026-09-26 23:22:35
222,Jørgen,Strand Larsen,Strand Larsen,Crystal Palace,FWD,2000-02-06,298,3,1,0,0,1,5,0,0,0,2,5,6,0,0,0.43,0.2,0.63,6.15,2026-27,2026-09-26 23:22:35
223,Jean-Philippe,Mateta,Mateta,Crystal Palace,FWD,1997-06-28,62,1,0,0,0,0,2,0,0,0,2,2,1,0,0,0.7,0.02,0.72,0.98,2026-27,2026-09-26 23:22:35
224,Eddie,Nketiah,Nketiah,Crystal Palace,FWD,1999-05-30,175,3,0,1,0,0,7,0,0,0,4,6,2,0,0,1.1,0.6,1.7,4.51,2026-27,2026-09-26 23:22:35
225,Christantus,Uche,Uche,Crystal Palace,FWD,,0,0,0,0,0,0,0,0,0,0,0,0,0,0,0,0.0,0.0,0.0,0.0,2026-27,2026-09-26 23:22:35
241,Dwight,McNeil,McNeil,Crystal Palace,MID,1999-11-22,84,1,0,0,0,0,3,0,0,0,0,3,4,0,0,0.05,0.02,0.07,1.18,2026-27,2026-09-26 23:22:35
555,Remi,Matthews,Matthews,Crystal Palace,GKP,1994-02-10,0,0,0,0,0,0,0,0,0,0,0,0,0,0,0,0.0,0.0,0.0,0.0,2026-27,2026-09-26 23:22:35
577,Takehiro,Tomiyasu,Tomiyasu,Crystal Palace,DEF,1998-11-05,189,2,0,0,0,0,5,0,0,0,2,7,15,0,0,0.0,0.03,0.03,3.98,2026-27,2026-09-26 23:22:35
588,Anan,Khalaili,Khalaili,Crystal Palace,DEF,2004-09-03,379,4,1,0,0,1,8,0,0,0,21,26,23,1,0,0.96,0.33,1.29,8.41,2026-27,2026-09-26 23:22:35
595,Zavier,Gozo,Gozo,Crystal Palace,MID,2007-03-22,28,0,0,0,0,0,2,0,0,0,1,0,0,0,0,0.0,0.0,0.0,0.68,2026-27,2026-09-26 23:22:35
633,Honest,Ahanor,Ahanor,Crystal Palace,DEF,2008-02-23,90,1,0,0,0,0,3,0,0,0,2,4,9,0,0,0.0,0.01,0.01,1.68,2026-27,2026-09-26 23:22:35
643,Ben,Chilwell,Chilwell,Crystal Palace,DEF,1996-12-21,29,0,1,0,0,0,1,0,0,0,0,0,1,0,0,0.27,0.01,0.28,1.12,2026-27,2026-09-26 23:22:35
644,Quinten,Timber,Timber,Crystal Palace,MID,2001-06-17,253,3,0,0,0,1,5,0,0,0,11,10,6,0,0,0.24,0.06,0.3,5.56,2026-27,2026-09-26 23:22:35
647,Darío,Osorio,Osorio,Crystal Palace,MID,2004-01-24,1,0,0,0,0,0,0,0,0,0,1,0,0,0,0,0.0,0.0,0.0,0.13,2026-27,2026-09-26 23:22:35
21,Christian,Nørgaard,Nørgaard,Everton,MID,1994-03-10,0,0,0,0,0,0,0,0,0,0,0,0,0,0,0,0.0,0.0,0.0,0.0,2026-27,2026-09-26 23:22:35
209,Brennan,Johnson,Johnson,Everton,MID,2001-05-23,238,3,0,0,0,2,1,0,0,0,7,11,8,1,0,1.03,0.22,1.25,3.73,2026-27,2026-09-26 23:22:35
226,Jordan,Pickford,Pickford,Everton,GKP,1994-03-07,450,5,0,0,0,3,3,0,15,0,0,53,7,0,0,0.0,0.02,0.02,6.94,2026-27,2026-09-26 23:22:35
227,Mark,Travers,Travers,Everton,GKP,1999-05-18,0,0,0,0,0,0,0,0,0,0,0,0,0,0,0,0.0,0.0,0.0,0.0,2026-27,2026-09-26 23:22:35
228,Tom,King,King,Everton,GKP,1995-03-09,0,0,0,0,0,0,0,0,0,0,0,0,0,0,0,0.0,0.0,0.0,0.0,2026-27,2026-09-26 23:22:35
229,James,Tarkowski,Tarkowski,Everton,DEF,1992-11-19,450,5,1,1,0,3,3,0,0,0,11,18,40,0,0,0.18,0.04,0.22,6.94,2026-27,2026-09-26 23:22:35
230,Jarrad,Branthwaite,Branthwaite,Everton,DEF,2002-06-27,450,5,0,0,0,3,3,0,0,0,5,14,49,0,0,0.17,0.02,0.19,6.94,2026-27,2026-09-26 23:22:35
231,Michael,Keane,Keane,Everton,DEF,1993-01-11,0,0,0,0,0,0,0,0,0,0,0,0,0,0,0,0.0,0.0,0.0,0.0,2026-27,2026-09-26 23:22:35
232,Jake,O'Brien,O'Brien,Everton,DEF,2001-05-15,16,0,0,0,0,0,0,0,0,0,0,2,2,0,0,0.0,0.0,0.0,0.42,2026-27,2026-09-26 23:22:35
233,Vitalii,Mykolenko,Mykolenko,Everton,DEF,1999-05-29,450,5,0,0,0,3,3,0,0,0,14,30,25,1,0,0.04,0.16,0.2,6.94,2026-27,2026-09-26 23:22:35
234,Nathan,Patterson,Patterson,Everton,DEF,2001-10-16,0,0,0,0,0,0,0,0,0,0,0,0,0,0,0,0.0,0.0,0.0,0.0,2026-27,2026-09-26 23:22:35
235,Adam,Aznou,Aznou,Everton,DEF,2006-06-02,0,0,0,0,0,0,0,0,0,0,0,0,0,0,0,0.0,0.0,0.0,0.0,2026-27,2026-09-26 23:22:35
236,Kiernan,Dewsbury-Hall,Dewsbury-Hall,Everton,MID,1998-09-06,450,5,1,0,0,3,3,0,0,0,11,26,5,1,0,0.99,0.83,1.82,6.74,2026-27,2026-09-26 23:22:35
238,Jack,Grealish,Grealish,Everton,MID,1995-09-10,135,1,0,0,0,1,1,0,0,0,3,8,2,0,0,0.02,0.44,0.46,1.67,2026-27,2026-09-26 23:22:35
239,James,Garner,Garner,Everton,MID,2001-03-13,328,4,0,0,0,2,2,0,0,0,11,25,9,2,0,0.2,0.17,0.37,3.45,2026-27,2026-09-26 23:22:35
242,Tyrique,George,George,Everton,MID,2006-02-04,309,4,1,0,0,2,3,0,0,0,1,12,5,0,0,0.35,0.32,0.67,3.71,2026-27,2026-09-26 23:22:35
243,Carlos,Alcaraz Durán,Alcaraz,Everton,MID,2002-11-30,5,0,0,0,0,0,0,0,0,0,1,2,0,1,0,0.05,0.02,0.07,0.04,2026-27,2026-09-26 23:22:35
244,Harrison,Armstrong,Armstrong,Everton,MID,2007-01-19,446,5,0,1,0,3,3,0,0,0,8,19,13,2,0,0.21,0.49,0.7,6.94,2026-27,2026-09-26 23:22:35
245,Tyler,Dibling,Dibling,Everton,MID,2006-02-17,24,0,0,0,0,0,0,0,0,0,0,0,0,0,0,0.17,0.16,0.33,0.38,2026-27,2026-09-26 23:22:35
246,Merlin,Röhl,Röhl,Everton,MID,2002-07-05,249,3,0,0,0,1,2,0,0,0,5,13,6,1,0,0.0,0.2,0.2,4.52,2026-27,2026-09-26 23:22:35
247,Hayden,Hackney,Hackney,Everton,MID,2002-06-26,137,1,0,1,0,1,1,0,0,0,3,5,4,0,0,0.05,0.13,0.18,3.91,2026-27,2026-09-26 23:22:35
248,Norberto Bercique,Gomes Betuncal,Beto,Everton,FWD,1998-01-31,31,0,0,0,0,0,0,0,0,0,0,0,1,0,0,0.09,0.0,0.09,1.92,2026-27,2026-09-26 23:22:35
249,Thierno,Barry,Barry,Everton,FWD,2002-10-21,417,5,2,0,0,3,3,0,0,0,1,11,5,0,0,3.5,0.15,3.65,5.02,2026-27,2026-09-26 23:22:35
649,Ainsley,Maitland-Niles,Maitland-Niles,Everton,DEF,1997-08-29,177,2,1,0,0,2,1,0,0,0,5,7,8,0,0,0.06,0.25,0.31,2.0,2026-27,2026-09-26 23:22:35
654,Braiden,Graham,Graham,Everton,MID,2007-11-07,0,0,0,0,0,0,0,0,0,0,0,0,0,0,0,0.0,0.0,0.0,0.0,2026-27,2026-09-26 23:22:35
250,Bernd,Leno,Leno,Fulham,GKP,1992-03-04,450,5,0,0,0,1,8,0,16,0,0,41,6,0,0,0.0,0.0,0.0,9.11,2026-27,2026-09-26 23:22:35
251,Benjamin,Lecomte,Lecomte,Fulham,GKP,1991-04-26,0,0,0,0,0,0,0,0,0,0,0,0,0,0,0,0.0,0.0,0.0,0.0,2026-27,2026-09-26 23:22:35
252,Alfie,McNally,McNally,Fulham,GKP,,0,0,0,0,0,0,0,0,0,0,0,0,0,0,0,0.0,0.0,0.0,0.0,2026-27,2026-09-26 23:22:35
253,Joachim,Andersen,Andersen,Fulham,DEF,1996-05-31,190,2,0,0,0,0,5,0,0,0,2,9,18,1,0,0.0,0.1,0.1,4.35,2026-27,2026-09-26 23:22:35
254,Antonee,Robinson,Robinson,Fulham,DEF,1997-08-08,429,5,0,0,0,1,8,0,0,0,13,20,18,0,0,0.26,0.3,0.56,9.08,2026-27,2026-09-26 23:22:35
255,Jorge,Cuenca Barreno,J.Cuenca,Fulham,DEF,1999-11-17,90,1,0,0,0,0,3,0,0,0,1,3,9,0,0,0.0,0.03,0.03,2.24,2026-27,2026-09-26 23:22:35
256,Kenny,Tete,Tete,Fulham,DEF,1995-10-09,27,0,0,0,0,0,0,0,0,0,0,0,3,1,0,0.0,0.0,0.0,0.65,2026-27,2026-09-26 23:22:35
257,Calvin,Bassey,Bassey,Fulham,DEF,1999-12-31,450,5,0,1,0,1,8,0,0,0,6,22,23,1,0,0.13,0.08,0.21,9.11,2026-27,2026-09-26 23:22:35
258,Timothy,Castagne,Castagne,Fulham,DEF,1995-12-05,408,5,0,2,0,2,7,0,0,0,6,18,23,2,0,0.67,0.39,1.06,6.81,2026-27,2026-09-26 23:22:35
261,Alex,Iwobi,Iwobi,Fulham,MID,1996-05-03,408,5,0,0,0,2,7,0,0,0,5,19,5,0,0,0.39,1.22,1.61,8.16,2026-27,2026-09-26 23:22:35
262,Emile,Smith Rowe,Smith Rowe,Fulham,MID,2000-07-28,38,0,0,0,0,0,0,0,0,0,0,2,1,0,0,0.06,0.02,0.08,0.87,2026-27,2026-09-26 23:22:35
263,Kevin,Santos Lopes de Macedo,Kevin,Fulham,MID,2003-01-04,61,0,0,0,0,0,1,0,0,0,3,4,1,0,0,0.07,0.12,0.19,1.23,2026-27,2026-09-26 23:22:35
264,Oscar,Bobb,Bobb,Fulham,MID,2003-07-12,343,5,0,0,0,3,6,0,0,0,8,15,5,0,0,0.54,1.14,1.68,6.19,2026-27,2026-09-26 23:22:35
265,Sander,Berge,Berge,Fulham,MID,1998-02-14,349,4,0,0,0,2,5,0,0,0,4,8,7,0,0,0.08,0.36,0.44,7.36,2026-27,2026-09-26 23:22:35
266,Tom,Cairney,Cairney,Fulham,MID,1991-01-20,0,0,0,0,0,0,0,0,0,0,0,0,0,0,0,0.0,0.0,0.0,0.0,2026-27,2026-09-26 23:22:35
268,Josh,King,King,Fulham,MID,2007-01-03,425,5,2,0,0,2,7,0,0,0,7,16,5,1,0,1.54,0.46,2.0,8.29,2026-27,2026-09-26 23:22:35
269,Ryan,Sessegnon,Sessegnon,Fulham,DEF,2000-05-18,50,0,0,0,0,0,1,0,0,0,1,3,2,0,0,0.13,0.44,0.57,1.8,2026-27,2026-09-26 23:22:35
270,Harrison,Reed,Reed,Fulham,MID,1995-01-27,0,0,0,0,0,0,0,0,0,0,0,0,0,0,0,0.0,0.0,0.0,0.0,2026-27,2026-09-26 23:22:35
271,Rodrigo,Muniz Carvalho,Muniz,Fulham,FWD,2001-05-04,38,0,0,0,0,0,1,0,0,0,0,0,3,1,0,0.4,0.0,0.4,0.85,2026-27,2026-09-26 23:22:35
272,Jonah,Kusi-Asare,Kusi-Asare,Fulham,FWD,2007-07-04,0,0,0,0,0,0,0,0,0,0,0,0,0,0,0,0.0,0.0,0.0,0.0,2026-27,2026-09-26 23:22:35
569,Gonzalo,García,Gonzalo,Fulham,FWD,2004-03-24,425,5,1,0,0,2,7,0,0,0,2,9,7,0,0,2.33,0.58,2.91,8.29,2026-27,2026-09-26 23:22:35
570,César,Palacios,Palacios,Fulham,MID,2004-11-11,226,3,1,0,0,0,7,0,0,0,3,10,4,1,0,0.98,0.03,1.01,5.46,2026-27,2026-09-26 23:22:35
580,Shea,Charles,Charles,Fulham,MID,2003-11-05,303,3,0,0,0,1,5,0,0,0,4,19,23,0,0,0.09,0.16,0.25,6.65,2026-27,2026-09-26 23:22:35
610,Luc,De Fougerolles,De Fougerolles,Fulham,DEF,2005-10-12,0,0,0,0,0,0,0,0,0,0,0,0,0,0,0,0.0,0.0,0.0,0.0,2026-27,2026-09-26 23:22:35
626,Macaulay,Zepa,Zepa,Fulham,MID,2008-07-07,0,0,0,0,0,0,0,0,0,0,0,0,0,0,0,0.0,0.0,0.0,0.0,2026-27,2026-09-26 23:22:35
635,Hugo,Larsson,Larsson,Fulham,MID,2004-06-27,37,0,0,0,0,0,1,0,0,0,1,3,2,0,0,0.13,0.23,0.36,0.88,2026-27,2026-09-26 23:22:35
636,Manuel Ángel,Morán Ibáñez,Ángel,Fulham,MID,2004-03-15,0,0,0,0,0,0,0,0,0,0,0,0,0,0,0,0.0,0.0,0.0,0.0,2026-27,2026-09-26 23:22:35
650,David,Affengruber,Affengruber,Fulham,DEF,2001-03-19,180,2,0,0,0,1,1,0,0,0,3,7,20,0,0,0.0,0.02,0.02,2.88,2026-27,2026-09-26 23:22:35
240,Tim,Iroegbunam,Iroegbunam,Hull City,MID,2003-06-30,70,0,0,0,0,0,0,0,0,0,3,5,1,1,0,0.12,0.01,0.13,0.6,2026-27,2026-09-26 23:22:35
273,Dillon,Phillips,Phillips,Hull City,GKP,1995-06-11,0,0,0,0,0,0,0,0,0,0,0,0,0,0,0,0.0,0.0,0.0,0.0,2026-27,2026-09-26 23:22:35
274,Jack,Butland,Butland,Hull City,GKP,1993-03-10,0,0,0,0,0,0,0,0,0,0,0,0,0,0,0,0.0,0.0,0.0,0.0,2026-27,2026-09-26 23:22:35
275,Harvey,Cartwright,Cartwright,Hull City,GKP,2002-05-09,0,0,0,0,0,0,0,0,0,0,0,0,0,0,0,0.0,0.0,0.0,0.0,2026-27,2026-09-26 23:22:35
276,Thimothée,Lo-Tutala,Lo-Tutala,Hull City,GKP,2003-02-13,0,0,0,0,0,0,0,0,0,0,0,0,0,0,0,0.0,0.0,0.0,0.0,2026-27,2026-09-26 23:22:35
277,John,Egan,Egan,Hull City,DEF,1992-10-20,437,5,0,0,0,3,4,0,0,0,9,12,50,1,0,0.05,0.0,0.05,7.27,2026-27,2026-09-26 23:22:35
278,Charlie,Hughes,Hughes,Hull City,DEF,2003-10-16,0,0,0,0,0,0,0,0,0,0,0,0,0,0,0,0.0,0.0,0.0,0.0,2026-27,2026-09-26 23:22:35
279,Semi,Ajayi,Ajayi,Hull City,DEF,1993-11-09,423,5,1,0,0,3,4,0,0,0,6,16,21,1,0,0.66,0.01,0.67,6.43,2026-27,2026-09-26 23:22:35
280,Lewie,Coyle,Coyle,Hull City,DEF,1995-10-15,348,5,0,0,0,2,4,0,0,0,3,11,8,1,0,0.13,0.07,0.2,6.22,2026-27,2026-09-26 23:22:35
281,Cody,Drameh,Drameh,Hull City,DEF,2001-12-08,65,0,0,0,0,0,0,0,0,0,1,4,5,0,0,0.05,0.0,0.05,0.87,2026-27,2026-09-26 23:22:35
282,Ryan,Giles,Giles,Hull City,DEF,2000-01-26,444,5,0,1,0,3,4,0,0,0,5,14,19,1,0,0.02,0.43,0.45,7.33,2026-27,2026-09-26 23:22:35
283,Matty,Jacob,Jacob,Hull City,DEF,2001-06-03,0,0,0,0,0,0,0,0,0,0,0,0,0,0,0,0.0,0.0,0.0,0.0,2026-27,2026-09-26 23:22:35
284,Cathal,McCarthy,McCarthy,Hull City,DEF,,0,0,0,0,0,0,0,0,0,0,0,0,0,0,0,0.0,0.0,0.0,0.0,2026-27,2026-09-26 23:22:35
285,Paddy,McNair,McNair,Hull City,DEF,1995-04-27,26,0,0,0,0,0,0,0,0,0,0,1,2,0,0,0.0,0.0,0.0,0.96,2026-27,2026-09-26 23:22:35
286,Mohamed,Belloumi,Belloumi,Hull City,MID,2002-06-01,394,5,2,2,0,3,3,0,0,0,16,14,14,1,0,0.72,0.43,1.15,6.44,2026-27,2026-09-26 23:22:35
287,Liam,Millar,Millar,Hull City,MID,1999-09-27,50,0,1,0,0,0,0,0,0,0,1,1,2,1,0,0.58,0.0,0.58,0.87,2026-27,2026-09-26 23:22:35
288,Kieran,Dowell,Dowell,Hull City,MID,1997-10-10,0,0,0,0,0,0,0,0,0,0,0,0,0,0,0,0.0,0.0,0.0,0.0,2026-27,2026-09-26 23:22:35
289,Matt,Crooks,Crooks,Hull City,MID,1994-01-20,203,3,0,0,0,1,4,0,0,0,8,4,9,3,0,0.0,0.12,0.12,3.57,2026-27,2026-09-26 23:22:35
290,Regan,Slater,Slater,Hull City,MID,1999-09-11,437,5,0,1,0,3,4,0,0,0,9,15,9,1,0,0.21,0.59,0.8,7.27,2026-27,2026-09-26 23:22:35
291,Eliot,Matazo,Matazo,Hull City,MID,2002-02-15,0,0,0,0,0,0,0,0,0,0,0,0,0,0,0,0.0,0.0,0.0,0.0,2026-27,2026-09-26 23:22:35
292,Abdülkadir,Ömür,Ömür,Hull City,MID,1999-06-25,0,0,0,0,0,0,0,0,0,0,0,0,0,0,0,0.0,0.0,0.0,0.0,2026-27,2026-09-26 23:22:35
293,Abu,Kamara,Kamara,Hull City,MID,2003-07-21,0,0,0,0,0,0,0,0,0,0,0,0,0,0,0,0.0,0.0,0.0,0.0,2026-27,2026-09-26 23:22:35
294,Óscar,Zambrano,Zambrano,Hull City,MID,2004-04-20,0,0,0,0,0,0,0,0,0,0,0,0,0,0,0,0.0,0.0,0.0,0.0,2026-27,2026-09-26 23:22:35
295,Oli,McBurnie,McBurnie,Hull City,FWD,1996-06-04,441,5,0,2,0,3,4,0,0,0,3,9,9,3,0,1.23,0.13,1.36,7.21,2026-27,2026-09-26 23:22:35
296,David,Akintola,Akintola,Hull City,MID,1996-01-13,0,0,0,0,0,0,0,0,0,0,0,0,0,0,0,0.0,0.0,0.0,0.0,2026-27,2026-09-26 23:22:35
297,Darko,Gyabi,Gyabi,Hull City,MID,2004-02-18,0,0,0,0,0,0,0,0,0,0,0,0,0,0,0,0.0,0.0,0.0,0.0,2026-27,2026-09-26 23:22:35
298,Enis,Destan,Destan,Hull City,FWD,2002-06-15,0,0,0,0,0,0,0,0,0,0,0,0,0,0,0,0.0,0.0,0.0,0.0,2026-27,2026-09-26 23:22:35
299,Mason,Burstow,Burstow,Hull City,FWD,2003-08-04,0,0,0,0,0,0,0,0,0,0,0,0,0,0,0,0.0,0.0,0.0,0.0,2026-27,2026-09-26 23:22:35
340,Joe,Gelhardt,Gelhardt,Hull City,MID,2002-05-04,7,0,0,0,0,0,0,0,0,0,0,1,0,0,0,0.1,0.02,0.12,0.13,2026-27,2026-09-26 23:22:35
556,Matt,Targett,Targett,Hull City,DEF,1995-09-18,5,0,0,0,0,0,0,0,0,0,0,1,0,0,0,0.0,0.0,0.0,0.07,2026-27,2026-09-26 23:22:35
563,Hidemasa,Morita,Morita,Hull City,MID,1995-05-10,45,1,0,0,0,0,0,0,0,0,0,1,2,0,0,0.0,0.0,0.0,1.09,2026-27,2026-09-26 23:22:35
572,Konstantinos,Tzolakis,Tzolakis,Hull City,GKP,2002-11-08,450,5,0,0,0,3,4,0,17,1,1,69,2,1,0,0.0,0.0,0.0,7.4,2026-27,2026-09-26 23:22:35
574,Jens,Hjertø-Dahl,Hjertø-Dahl,Hull City,MID,2005-10-31,8,0,0,0,0,0,0,0,0,0,0,1,0,0,0,0.0,0.0,0.0,0.0,2026-27,2026-09-26 23:22:35
576,Elliot,Stroud,Stroud,Hull City,MID,2002-06-22,249,4,0,0,0,2,1,0,0,0,5,12,3,1,0,0.06,0.05,0.11,4.32,2026-27,2026-09-26 23:22:35
585,Lucas,Herrington,Herrington,Hull City,DEF,2007-09-05,197,1,0,0,0,0,3,0,0,0,2,6,14,0,0,0.02,0.04,0.06,3.36,2026-27,2026-09-26 23:22:35
586,Nobel,Mendy,Mendy,Hull City,DEF,2004-09-03,249,4,1,0,0,2,1,0,0,0,7,6,32,0,0,0.32,0.0,0.32,4.02,2026-27,2026-09-26 23:22:35
589,Lucas,Gourna-Douath,Gourna-Douath,Hull City,MID,2003-08-05,138,1,0,0,0,1,0,0,0,0,5,7,5,1,0,0.03,0.03,0.06,2.26,2026-27,2026-09-26 23:22:35
617,Mohamed-Ali,Cho,Cho,Hull City,MID,2004-01-19,72,0,1,0,0,0,1,0,0,0,0,1,1,0,0,0.79,0.36,1.15,0.98,2026-27,2026-09-26 23:22:35
632,Ilyas,Ansah,Ansah,Hull City,FWD,2004-11-08,0,0,0,0,0,0,0,0,0,0,0,0,0,0,0,0.0,0.0,0.0,0.0,2026-27,2026-09-26 23:22:35
637,Robinio,Vaz,Vaz,Hull City,FWD,2007-02-17,20,0,0,0,0,0,0,0,0,0,0,2,0,0,0,0.0,0.01,0.01,0.31,2026-27,2026-09-26 23:22:35
638,Brooke,Norton-Cuffy,Norton-Cuffy,Hull City,DEF,2004-01-12,34,0,0,0,0,0,0,0,0,0,0,4,1,1,0,0.05,0.0,0.05,0.3,2026-27,2026-09-26 23:22:35
642,Sorba,Thomas,Thomas,Hull City,MID,1999-01-25,119,1,0,0,0,0,3,0,0,0,1,7,0,0,0,0.21,0.11,0.32,2.04,2026-27,2026-09-26 23:22:35
645,Christos,Mouzakitis,Mouzakitis,Hull City,MID,2006-12-25,0,0,0,0,0,0,0,0,0,0,0,0,0,0,0,0.0,0.0,0.0,0.0,2026-27,2026-09-26 23:22:35
259,Issa,Diop,Diop,Ipswich Town,DEF,1997-01-09,450,5,0,0,0,0,11,0,0,0,4,21,41,0,0,0.06,0.16,0.22,8.98,2026-27,2026-09-26 23:22:35
267,Saša,Lukić,Lukić,Ipswich Town,MID,1996-08-13,400,5,0,1,0,0,10,0,0,0,7,13,17,2,0,0.02,0.41,0.43,7.37,2026-27,2026-09-26 23:22:35
300,Christian,Walton,Walton,Ipswich Town,GKP,1995-11-09,90,1,0,0,0,0,1,0,1,0,0,17,2,0,0,0.0,0.01,0.01,2.24,2026-27,2026-09-26 23:22:35
301,Alex,Palmer,Palmer,Ipswich Town,GKP,1996-08-10,0,0,0,0,0,0,0,0,0,0,0,0,0,0,0,0.0,0.0,0.0,0.0,2026-27,2026-09-26 23:22:35
302,David,Button,Button,Ipswich Town,GKP,1989-02-27,0,0,0,0,0,0,0,0,0,0,0,0,0,0,0,0.0,0.0,0.0,0.0,2026-27,2026-09-26 23:22:35
303,Cédric,Kipré,Kipré,Ipswich Town,DEF,1996-12-09,0,0,0,0,0,0,0,0,0,0,0,0,0,0,0,0.0,0.0,0.0,0.0,2026-27,2026-09-26 23:22:35
304,Dara,O'Shea,O'Shea,Ipswich Town,DEF,1999-03-04,450,5,0,0,0,0,11,0,0,0,7,18,41,0,0,0.07,0.26,0.33,8.98,2026-27,2026-09-26 23:22:35
305,Leif,Davis,Davis,Ipswich Town,DEF,1999-12-31,450,5,2,2,0,0,11,0,0,0,2,10,22,0,0,1.59,0.46,2.05,8.98,2026-27,2026-09-26 23:22:35
306,Jacob,Greaves,Greaves,Ipswich Town,DEF,2000-09-12,357,4,0,0,0,0,10,1,0,0,5,12,25,1,0,0.0,0.06,0.06,6.74,2026-27,2026-09-26 23:22:35
307,Ben,Johnson,Johnson,Ipswich Town,DEF,2000-01-24,0,0,0,0,0,0,0,0,0,0,0,0,0,0,0,0.0,0.0,0.0,0.0,2026-27,2026-09-26 23:22:35
308,Darnell,Furlong,Furlong,Ipswich Town,DEF,1995-10-31,17,0,0,0,0,0,1,0,0,0,1,0,2,0,0,0.0,0.0,0.0,0.86,2026-27,2026-09-26 23:22:35
309,Marcelino,Núñez,Núñez,Ipswich Town,MID,2000-03-01,140,2,0,0,0,0,4,0,0,0,3,10,8,0,0,0.03,0.05,0.08,3.48,2026-27,2026-09-26 23:22:35
310,Azor,Matusiwa,Matusiwa,Ipswich Town,MID,1998-04-28,0,0,0,0,0,0,0,0,0,0,0,0,0,0,0,0.0,0.0,0.0,0.0,2026-27,2026-09-26 23:22:35
311,Wes,Burns,Burns,Ipswich Town,MID,1994-11-23,0,0,0,0,0,0,0,0,0,0,0,0,0,0,0,0.0,0.0,0.0,0.0,2026-27,2026-09-26 23:22:35
312,Jack,Taylor,Taylor,Ipswich Town,MID,1998-06-23,0,0,0,0,0,0,0,0,0,0,0,0,0,0,0,0.0,0.0,0.0,0.0,2026-27,2026-09-26 23:22:35
313,Jack,Clarke,Clarke,Ipswich Town,MID,2000-11-23,170,2,1,0,0,0,2,0,0,0,2,5,3,1,0,0.3,0.37,0.67,1.97,2026-27,2026-09-26 23:22:35
314,Chiedozie,Ogbene,Ogbene,Ipswich Town,MID,1997-05-01,0,0,0,0,0,0,0,0,0,0,0,0,0,0,0,0.0,0.0,0.0,0.0,2026-27,2026-09-26 23:22:35
315,Abdul,Fatawu,Fatawu,Ipswich Town,MID,2004-03-08,352,5,0,1,0,0,10,0,0,0,9,11,8,2,1,0.17,1.11,1.28,7.79,2026-27,2026-09-26 23:22:35
316,Emersonn,Correia da Silva,Emersonn,Ipswich Town,FWD,2004-07-16,317,5,2,1,0,0,6,0,0,0,3,4,3,0,0,1.61,0.12,1.73,4.29,2026-27,2026-09-26 23:22:35
317,George,Hirst,Hirst,Ipswich Town,FWD,1999-02-15,0,0,0,0,0,0,0,0,0,0,0,0,0,0,0,0.0,0.0,0.0,0.0,2026-27,2026-09-26 23:22:35
318,Jaden,Philogene,Philogene,Ipswich Town,MID,2002-02-08,52,0,0,0,0,0,1,0,0,0,0,4,0,0,0,0.08,0.01,0.08,0.97,2026-27,2026-09-26 23:22:35
319,Sam,Szmodics,Szmodics,Ipswich Town,MID,1995-09-24,0,0,0,0,0,0,0,0,0,0,0,0,0,0,0,0.0,0.0,0.0,0.0,2026-27,2026-09-26 23:22:35
320,Chuba,Akpom,Akpom,Ipswich Town,FWD,1995-10-09,78,0,1,0,0,0,4,0,0,0,1,2,0,0,0,1.14,0.0,1.14,4.2,2026-27,2026-09-26 23:22:35
321,Sindre,Walle Egeli,Walle Egeli,Ipswich Town,FWD,2006-06-21,10,0,0,0,0,0,0,0,0,0,0,0,0,0,0,0.0,0.0,0.0,0.03,2026-27,2026-09-26 23:22:35
322,Ali,Al-Hamadi,Al-Hamadi,Ipswich Town,FWD,2002-03-01,0,0,0,0,0,0,0,0,0,0,0,0,0,0,0,0.0,0.0,0.0,0.0,2026-27,2026-09-26 23:22:35
323,Kasey,McAteer,McAteer,Ipswich Town,MID,2001-11-22,42,0,0,0,0,0,0,0,0,0,1,4,0,0,0,0.05,0.0,0.05,0.21,2026-27,2026-09-26 23:22:35
324,Anis,Mehmeti,Mehmeti,Ipswich Town,MID,2001-01-09,0,0,0,0,0,0,0,0,0,0,0,0,0,0,0,0.0,0.0,0.0,0.0,2026-27,2026-09-26 23:22:35
554,Kayne,van Oevelen,Van Oevelen,Ipswich Town,GKP,2003-08-07,0,0,0,0,0,0,0,0,0,0,0,0,0,0,0,0.0,0.0,0.0,0.0,2026-27,2026-09-26 23:22:35
562,Daizen,Maeda,Maeda,Ipswich Town,MID,1997-10-20,259,3,0,0,0,0,8,0,0,0,8,4,8,0,0,0.71,0.02,0.73,6.05,2026-27,2026-09-26 23:22:35
564,Kjell,Scherpen,Scherpen,Ipswich Town,GKP,2000-01-23,360,4,0,0,0,0,10,0,15,0,0,39,8,0,0,0.0,0.01,0.01,6.74,2026-27,2026-09-26 23:22:35
571,Florentino Ibrain,Morris Luís,Florentino,Ipswich Town,MID,1999-08-19,30,0,0,0,0,0,0,0,0,0,1,0,1,0,0,0.0,0.01,0.01,0.75,2026-27,2026-09-26 23:22:35
591,Julio,Enciso,Enciso,Ipswich Town,MID,2004-01-23,413,5,0,2,0,0,11,0,0,0,2,24,5,1,0,1.26,0.89,2.15,8.47,2026-27,2026-09-26 23:22:35
592,Abdoul,Ouattara,Ouattara,Ipswich Town,DEF,2005-10-22,131,1,0,0,0,0,2,0,0,0,4,14,7,0,0,0.02,0.03,0.05,3.13,2026-27,2026-09-26 23:22:35
602,Cameron,Humphreys,Humphreys,Ipswich Town,MID,2003-10-30,0,0,0,0,0,0,0,0,0,0,0,0,0,0,0,0.0,0.0,0.0,0.0,2026-27,2026-09-26 23:22:35
619,Exequiel,Palacios,Palacios,Ipswich Town,MID,1998-10-05,275,3,0,0,0,0,7,0,0,0,9,23,12,0,0,0.0,0.09,0.09,5.3,2026-27,2026-09-26 23:22:35
640,Zian,Flemming,Flemming,Ipswich Town,FWD,1998-08-01,60,0,1,0,0,0,1,0,0,0,1,3,1,1,0,0.64,0.01,0.65,0.63,2026-27,2026-09-26 23:22:35
260,Harry,Wilson,Wilson,Leeds,MID,1997-03-22,145,1,0,0,0,1,1,0,0,0,4,4,3,1,0,0.01,0.09,0.1,3.28,2026-27,2026-09-26 23:22:35
326,Lucas Estella,Perri,Perri,Leeds,GKP,1997-12-10,0,0,0,0,0,0,0,0,0,0,0,0,0,0,0,0.0,0.0,0.0,0.0,2026-27,2026-09-26 23:22:35
327,Jaka,Bijol,Bijol,Leeds,DEF,1999-02-05,164,2,0,0,0,1,2,0,0,0,3,7,18,0,0,0.11,0.0,0.11,3.16,2026-27,2026-09-26 23:22:35
329,Joe,Rodon,Rodon,Leeds,DEF,1997-10-22,123,2,0,0,0,1,0,0,0,0,1,2,10,0,0,0.03,0.06,0.09,1.01,2026-27,2026-09-26 23:22:35
330,Jayden,Bogle,Bogle,Leeds,DEF,2000-07-27,365,5,2,0,0,4,1,0,0,0,5,11,11,2,0,1.38,0.08,1.46,2.89,2026-27,2026-09-26 23:22:35
331,Gabriel,Gudmundsson,Gudmundsson,Leeds,DEF,1999-04-29,252,3,0,0,0,2,1,0,0,0,9,12,5,0,0,0.0,0.21,0.21,3.83,2026-27,2026-09-26 23:22:35
332,James,Justin,Justin,Leeds,DEF,1998-02-23,450,5,0,0,0,2,3,0,0,0,16,14,28,0,0,0.22,0.42,0.64,6.46,2026-27,2026-09-26 23:22:35
333,Sebastiaan,Bornauw,Bornauw,Leeds,DEF,1999-03-22,0,0,0,0,0,0,0,0,0,0,0,0,0,0,0,0.0,0.0,0.0,0.0,2026-27,2026-09-26 23:22:35
334,Tarik,Muharemović,Muharemović,Leeds,DEF,2003-02-28,450,5,0,1,0,2,3,0,0,0,5,16,53,0,0,0.49,0.05,0.54,6.46,2026-27,2026-09-26 23:22:35
335,Anton,Stach,Stach,Leeds,MID,1998-11-15,447,5,1,0,0,3,2,0,0,0,13,21,27,0,0,0.97,0.31,1.28,6.17,2026-27,2026-09-26 23:22:35
336,Noah,Okafor,Okafor,Leeds,MID,2000-05-24,299,4,1,0,0,3,1,0,0,0,7,8,3,0,0,0.17,0.27,0.44,2.37,2026-27,2026-09-26 23:22:35
337,Brenden,Aaronson,Aaronson,Leeds,MID,2000-10-22,194,2,0,0,0,1,3,0,0,0,3,11,1,0,0,0.01,0.02,0.03,3.78,2026-27,2026-09-26 23:22:35
338,Ethan,Ampadu,Ampadu,Leeds,MID,2000-09-14,450,5,0,1,0,2,3,0,0,0,12,24,24,0,0,0.08,0.26,0.34,6.46,2026-27,2026-09-26 23:22:35
339,Sean,Longstaff,Longstaff,Leeds,MID,1997-10-30,10,0,0,0,0,0,1,0,0,0,0,0,0,0,0,0.0,0.0,0.0,0.35,2026-27,2026-09-26 23:22:35
341,Wilfried,Gnonto,Gnonto,Leeds,MID,2003-11-05,0,0,0,0,0,0,0,0,0,0,0,0,0,0,0,0.0,0.0,0.0,0.0,2026-27,2026-09-26 23:22:35
342,Jack,Harrison,Harrison,Leeds,MID,1996-11-20,0,0,0,0,0,0,0,0,0,0,0,0,0,0,0,0.0,0.0,0.0,0.0,2026-27,2026-09-26 23:22:35
343,Daniel,James,James,Leeds,MID,1997-11-10,52,0,0,0,0,0,1,0,0,0,0,4,1,0,0,0.35,0.01,0.36,1.61,2026-27,2026-09-26 23:22:35
344,Ilia,Gruev,Gruev,Leeds,MID,2000-05-06,0,0,0,0,0,0,0,0,0,0,0,0,0,0,0,0.0,0.0,0.0,0.0,2026-27,2026-09-26 23:22:35
345,Tanaka,Ao,Tanaka,Leeds,MID,1998-09-10,255,3,0,2,0,2,1,0,0,0,8,10,11,1,0,0.73,0.05,0.78,3.24,2026-27,2026-09-26 23:22:35
346,Dominic,Calvert-Lewin,Calvert-Lewin,Leeds,FWD,1997-03-16,419,5,2,1,0,3,2,0,0,0,0,13,9,3,0,3.0,0.08,3.08,4.85,2026-27,2026-09-26 23:22:35
347,Lukas,Nmecha,Nmecha,Leeds,FWD,1998-12-14,64,0,0,1,0,0,1,0,0,0,1,3,0,0,0,0.27,0.15,0.42,2.9,2026-27,2026-09-26 23:22:35
348,Joël,Piroe,Piroe,Leeds,FWD,1999-08-02,0,0,0,0,0,0,0,0,0,0,0,0,0,0,0,0.0,0.0,0.0,0.0,2026-27,2026-09-26 23:22:35
349,Mateo,Joseph Fernández-Regatillo,Mateo Joseph,Leeds,FWD,2003-10-19,0,0,0,0,0,0,0,0,0,0,0,0,0,0,0,0.0,0.0,0.0,0.0,2026-27,2026-09-26 23:22:35
385,James,Trafford,Trafford,Leeds,GKP,2002-10-10,450,5,0,0,0,2,3,0,20,0,0,55,6,0,0,0.0,0.0,0.0,6.46,2026-27,2026-09-26 23:22:35
598,Nico,Elvedi,Elvedi,Leeds,DEF,1996-09-30,326,3,0,0,0,1,3,0,0,0,2,8,27,0,0,0.12,0.58,0.7,5.45,2026-27,2026-09-26 23:22:35
603,Jayden,Lienou,Lienou,Leeds,DEF,2008-04-08,0,0,0,0,0,0,0,0,0,0,0,0,0,0,0,0.0,0.0,0.0,0.0,2026-27,2026-09-26 23:22:35
604,Alfie,Cresswell,Cresswell,Leeds,MID,2007-07-15,0,0,0,0,0,0,0,0,0,0,0,0,0,0,0,0.0,0.0,0.0,0.0,2026-27,2026-09-26 23:22:35
625,Alex,Cairns,Cairns,Leeds,GKP,1993-01-04,0,0,0,0,0,0,0,0,0,0,0,0,0,0,0,0.0,0.0,0.0,0.0,2026-27,2026-09-26 23:22:35
629,Michael,Zetterer,Zetterer,Leeds,GKP,1995-07-12,0,0,0,0,0,0,0,0,0,0,0,0,0,0,0,0.0,0.0,0.0,0.0,2026-27,2026-09-26 23:22:35
641,Melvin,Bard,Bard,Leeds,DEF,2000-11-06,18,0,0,0,0,0,1,0,0,0,1,2,1,0,0,0.0,0.0,0.0,0.3,2026-27,2026-09-26 23:22:35
648,Jean-Mattéo,Bahoya,Bahoya,Leeds,MID,2005-05-07,1,0,0,0,0,0,0,0,0,0,0,0,0,0,0,0.0,0.0,0.0,0.0,2026-27,2026-09-26 23:22:35
350,Alisson,Becker,A.Becker,Liverpool,GKP,1992-10-02,450,5,0,0,0,3,4,0,14,0,0,47,10,1,0,0.0,0.0,0.0,6.12,2026-27,2026-09-26 23:22:35
351,Giorgi,Mamardashvili,Mamardashvili,Liverpool,GKP,2000-09-29,0,0,0,0,0,0,0,0,0,0,0,0,0,0,0,0.0,0.0,0.0,0.0,2026-27,2026-09-26 23:22:35
352,Freddie,Woodman,Woodman,Liverpool,GKP,1997-03-04,0,0,0,0,0,0,0,0,0,0,0,0,0,0,0,0.0,0.0,0.0,0.0,2026-27,2026-09-26 23:22:35
353,Armin,Pecsi,Pecsi,Liverpool,GKP,,0,0,0,0,0,0,0,0,0,0,0,0,0,0,0,0.0,0.0,0.0,0.0,2026-27,2026-09-26 23:22:35
354,Vitezslav,Jaros,Jaros,Liverpool,GKP,2001-07-23,0,0,0,0,0,0,0,0,0,0,0,0,0,0,0,0.0,0.0,0.0,0.0,2026-27,2026-09-26 23:22:35
355,Harvey,Davies,Davies,Liverpool,GKP,2003-09-03,0,0,0,0,0,0,0,0,0,0,0,0,0,0,0,0.0,0.0,0.0,0.0,2026-27,2026-09-26 23:22:35
356,Virgil,van Dijk,Virgil,Liverpool,DEF,1991-07-08,450,5,0,0,0,3,4,0,0,0,5,18,43,1,0,0.25,0.08,0.33,6.12,2026-27,2026-09-26 23:22:35
357,Jeremie,Frimpong,Frimpong,Liverpool,DEF,2000-12-10,178,2,0,0,0,0,4,0,0,0,4,7,8,1,0,0.01,0.23,0.24,3.91,2026-27,2026-09-26 23:22:35
358,Milos,Kerkez,Kerkez,Liverpool,DEF,2003-11-07,385,4,0,0,0,2,4,0,0,0,8,10,22,2,0,0.07,0.08,0.15,5.65,2026-27,2026-09-26 23:22:35
359,Joe,Gomez,Gomez,Liverpool,DEF,1997-05-23,0,0,0,0,0,0,0,0,0,0,0,0,0,0,0,0.0,0.0,0.0,0.0,2026-27,2026-09-26 23:22:35
360,Conor,Bradley,Bradley,Liverpool,DEF,2003-07-09,0,0,0,0,0,0,0,0,0,0,0,0,0,0,0,0.0,0.0,0.0,0.0,2026-27,2026-09-26 23:22:35
361,Wellity,Lucky,Lucky,Liverpool,DEF,,0,0,0,0,0,0,0,0,0,0,0,0,0,0,0,0.0,0.0,0.0,0.0,2026-27,2026-09-26 23:22:35
362,Jeremy,Jacquet,Jacquet,Liverpool,DEF,2005-07-13,415,5,0,0,0,3,4,0,0,0,11,21,25,1,0,0.0,0.14,0.14,5.51,2026-27,2026-09-26 23:22:35
363,Giovanni,Leoni,Leoni,Liverpool,DEF,2006-12-21,0,0,0,0,0,0,0,0,0,0,0,0,0,0,0,0.0,0.0,0.0,0.0,2026-27,2026-09-26 23:22:35
364,Kostas,Tsimikas,Tsimikas,Liverpool,DEF,1996-05-12,64,1,0,0,0,0,0,0,0,0,1,3,2,0,0,0.04,0.02,0.06,0.47,2026-27,2026-09-26 23:22:35
365,Calvin,Ramsay,Ramsay,Liverpool,DEF,2003-07-31,0,0,0,0,0,0,0,0,0,0,0,0,0,0,0,0.0,0.0,0.0,0.0,2026-27,2026-09-26 23:22:35
366,Florian,Wirtz,Wirtz,Liverpool,MID,2003-05-03,402,5,0,2,0,3,4,0,0,0,8,25,3,1,0,1.0,0.4,1.4,4.82,2026-27,2026-09-26 23:22:35
367,Cody,Gakpo,Gakpo,Liverpool,MID,1999-05-07,370,4,1,3,0,2,4,0,0,0,8,15,9,0,0,0.64,1.71,2.35,5.51,2026-27,2026-09-26 23:22:35
368,Dominik,Szoboszlai,Szoboszlai,Liverpool,MID,2000-10-25,440,5,1,0,0,3,4,0,0,0,6,22,13,1,0,1.42,0.82,2.24,5.99,2026-27,2026-09-26 23:22:35
369,Rio,Ngumoha,Ngumoha,Liverpool,MID,2008-08-29,99,1,0,0,0,0,2,0,0,0,1,2,1,0,0,0.15,0.05,0.2,0.68,2026-27,2026-09-26 23:22:35
370,Federico,Chiesa,Chiesa,Liverpool,MID,1997-10-25,0,0,0,0,0,0,0,0,0,0,0,0,0,0,0,0.0,0.0,0.0,0.0,2026-27,2026-09-26 23:22:35
371,Ryan,Gravenberch,Gravenberch,Liverpool,MID,2002-05-16,190,2,0,1,0,0,2,0,0,0,4,11,10,0,0,0.1,0.08,0.18,2.02,2026-27,2026-09-26 23:22:35
372,Alexis,Mac Allister,Mac Allister,Liverpool,MID,1998-12-24,306,3,0,0,0,2,2,0,0,0,11,19,11,1,0,0.1,0.49,0.59,4.85,2026-27,2026-09-26 23:22:35
373,Curtis,Jones,C.Jones,Liverpool,MID,2001-01-30,0,0,0,0,0,0,0,0,0,0,0,0,0,0,0,0.0,0.0,0.0,0.0,2026-27,2026-09-26 23:22:35
374,Endo,Wataru,Endo,Liverpool,MID,1993-02-09,0,0,0,0,0,0,0,0,0,0,0,0,0,0,0,0.0,0.0,0.0,0.0,2026-27,2026-09-26 23:22:35
375,Trey,Nyoni,Nyoni,Liverpool,MID,2007-06-30,38,0,0,0,0,0,0,0,0,0,2,2,6,0,0,0.0,0.0,0.0,0.36,2026-27,2026-09-26 23:22:35
376,Stefan,Bajčetić Maquieira,Bajcetic,Liverpool,MID,2004-10-22,0,0,0,0,0,0,0,0,0,0,0,0,0,0,0,0.0,0.0,0.0,0.0,2026-27,2026-09-26 23:22:35
377,Victor,Munoz,Munoz,Liverpool,MID,2003-07-13,257,3,1,1,0,1,2,0,0,0,3,8,5,1,0,0.52,0.31,0.83,4.63,2026-27,2026-09-26 23:22:35
378,James,McConnell,McConnell,Liverpool,MID,2004-09-13,0,0,0,0,0,0,0,0,0,0,0,0,0,0,0,0.0,0.0,0.0,0.0,2026-27,2026-09-26 23:22:35
379,Alexander,Isak,Isak,Liverpool,FWD,1999-09-21,413,5,4,0,0,3,4,0,0,0,1,3,3,1,0,3.54,0.08,3.62,5.82,2026-27,2026-09-26 23:22:35
380,Hugo,Ekitiké,Ekitiké,Liverpool,FWD,2002-06-20,0,0,0,0,0,0,0,0,0,0,0,0,0,0,0,0.0,0.0,0.0,0.0,2026-27,2026-09-26 23:22:35
381,Lewis,Koumas,Koumas,Liverpool,MID,2005-09-19,22,0,0,0,0,0,0,0,0,0,0,1,0,0,0,0.28,0.0,0.28,0.72,2026-27,2026-09-26 23:22:35
382,Jayden,Danns,Danns,Liverpool,FWD,2006-01-16,0,0,0,0,0,0,0,0,0,0,0,0,0,0,0,0.0,0.0,0.0,0.0,2026-27,2026-09-26 23:22:35
383,Harvey,Elliott,Elliott,Liverpool,MID,2003-04-04,0,0,0,0,0,0,0,0,0,0,0,0,0,0,0,0.0,0.0,0.0,0.0,2026-27,2026-09-26 23:22:35
579,Ronald,Araujo,Araujo,Liverpool,DEF,1999-03-07,284,3,0,0,0,3,0,0,0,0,5,15,19,1,0,0.0,0.06,0.06,2.75,2026-27,2026-09-26 23:22:35
627,Bradley,Barcola,Barcola,Liverpool,MID,2002-09-02,168,2,0,0,0,2,0,0,0,0,3,5,0,0,0,0.26,0.13,0.39,1.43,2026-27,2026-09-26 23:22:35
155,Enzo,Fernández,Enzo,Man City,MID,2001-01-17,271,3,1,0,0,2,3,0,0,0,3,12,6,1,0,0.35,0.53,0.88,5.35,2026-27,2026-09-26 23:22:35
237,Iliman,Ndiaye,Ndiaye,Man City,MID,2000-03-06,385,4,0,2,0,2,4,0,0,0,8,26,10,0,0,0.38,0.58,0.96,9.42,2026-27,2026-09-26 23:22:35
384,Gianluigi,Donnarumma,Donnarumma,Man City,GKP,1999-02-25,450,5,0,0,0,2,5,1,14,0,0,32,4,0,0,0.0,0.0,0.0,7.25,2026-27,2026-09-26 23:22:35
386,Marcus,Bettinelli,Bettinelli,Man City,GKP,1992-05-24,0,0,0,0,0,0,0,0,0,0,0,0,0,0,0,0.0,0.0,0.0,0.0,2026-27,2026-09-26 23:22:35
387,Nico,O'Reilly,O'Reilly,Man City,DEF,2005-03-21,163,2,0,0,0,0,2,0,0,0,3,9,2,0,0,0.87,0.43,1.3,2.1,2026-27,2026-09-26 23:22:35
388,Marc,Guéhi,Guéhi,Man City,DEF,2000-07-13,450,5,1,1,0,2,5,0,0,0,3,19,26,0,0,0.95,0.39,1.34,7.25,2026-27,2026-09-26 23:22:35
389,Matheus,Nunes,Matheus N.,Man City,DEF,1998-08-27,213,2,0,0,0,1,3,0,0,0,3,10,18,0,0,0.0,0.06,0.06,4.67,2026-27,2026-09-26 23:22:35
390,Rúben,dos Santos Gato Alves Dias,Rúben,Man City,DEF,1997-05-14,450,5,0,0,0,2,5,0,0,0,1,16,25,0,0,0.29,0.74,1.03,7.25,2026-27,2026-09-26 23:22:35
391,Joško,Gvardiol,Gvardiol,Man City,DEF,2002-01-23,434,5,1,3,0,2,5,0,0,0,11,21,20,1,0,0.22,0.74,0.96,7.25,2026-27,2026-09-26 23:22:35
392,Rayan,Aït-Nouri,Aït-Nouri,Man City,DEF,2001-06-06,0,0,0,0,0,0,0,0,0,0,0,0,0,0,0,0.0,0.0,0.0,0.0,2026-27,2026-09-26 23:22:35
393,Abdukodir,Khusanov,Khusanov,Man City,DEF,2004-02-29,268,3,0,0,0,1,2,0,0,0,8,13,9,1,0,0.0,0.06,0.06,2.68,2026-27,2026-09-26 23:22:35
394,Max,Alleyne,Alleyne,Man City,DEF,2005-07-21,0,0,0,0,0,0,0,0,0,0,0,0,0,0,0,0.0,0.0,0.0,0.0,2026-27,2026-09-26 23:22:35
395,Rico,Lewis,Lewis,Man City,DEF,2004-11-21,56,1,0,0,0,0,1,0,0,0,0,0,2,0,0,0.17,0.02,0.19,0.55,2026-27,2026-09-26 23:22:35
396,Vitor,de Oliveira Nunes dos Reis,Vitor Reis,Man City,DEF,2006-01-12,1,0,0,0,0,0,0,0,0,0,0,0,0,0,0,0.0,0.0,0.0,0.0,2026-27,2026-09-26 23:22:35
397,Antoine,Semenyo,Semenyo,Man City,MID,2000-01-07,450,5,2,3,0,2,5,0,0,0,6,14,2,0,0,0.33,1.16,1.49,7.25,2026-27,2026-09-26 23:22:35
398,Phil,Foden,Foden,Man City,MID,2000-05-28,217,3,0,2,0,0,2,0,0,0,4,8,2,1,1,1.61,0.88,2.49,1.91,2026-27,2026-09-26 23:22:35
399,Rayan,Cherki,Cherki,Man City,MID,2003-08-17,302,4,3,2,0,1,4,0,0,0,0,9,3,1,0,0.72,1.54,2.26,5.0,2026-27,2026-09-26 23:22:35
400,Jérémy,Doku,Doku,Man City,MID,2002-05-27,15,0,0,0,0,0,0,0,0,0,0,1,1,0,0,0.23,0.32,0.55,0.42,2026-27,2026-09-26 23:22:35
402,Rodrigo 'Rodri',Hernandez Cascante,Rodrigo,Man City,MID,1996-06-22,0,0,0,0,0,0,0,0,0,0,0,0,0,0,0,0.0,0.0,0.0,0.0,2026-27,2026-09-26 23:22:35
404,Tijjani,Reijnders,Reijnders,Man City,MID,1998-07-29,0,0,0,0,0,0,0,0,0,0,0,0,0,0,0,0.0,0.0,0.0,0.0,2026-27,2026-09-26 23:22:35
406,Mateo,Kovačić,Kovačić,Man City,MID,1994-05-06,42,0,0,0,0,0,0,0,0,0,0,2,0,0,0,0.0,0.02,0.02,0.1,2026-27,2026-09-26 23:22:35
407,Claudio,Echeverri,Echeverri,Man City,MID,2006-01-02,0,0,0,0,0,0,0,0,0,0,0,0,0,0,0,0.0,0.0,0.0,0.0,2026-27,2026-09-26 23:22:35
408,Kalvin,Phillips,Phillips,Man City,MID,1995-12-02,0,0,0,0,0,0,0,0,0,0,0,0,0,0,0,0.0,0.0,0.0,0.0,2026-27,2026-09-26 23:22:35
409,Divine,Mukasa,Mukasa,Man City,MID,2007-08-22,0,0,0,0,0,0,0,0,0,0,0,0,0,0,0,0.0,0.0,0.0,0.0,2026-27,2026-09-26 23:22:35
410,Jeremy,Monga,Monga,Man City,MID,2009-07-10,0,0,0,0,0,0,0,0,0,0,0,0,0,0,0,0.0,0.0,0.0,0.0,2026-27,2026-09-26 23:22:35
411,Erling,Haaland,Haaland,Man City,FWD,2000-07-21,450,5,5,0,0,2,5,0,0,0,0,10,10,0,0,4.42,0.53,4.95,7.25,2026-27,2026-09-26 23:22:35
481,Elliot,Anderson,Anderson,Man City,MID,2002-11-06,413,5,0,0,0,2,5,0,0,0,13,23,18,1,0,0.11,0.67,0.78,7.15,2026-27,2026-09-26 23:22:35
587,Gerónimo,Rulli,Rulli,Man City,GKP,1992-05-20,0,0,0,0,0,0,0,0,0,0,0,0,0,0,0,0.0,0.0,0.0,0.0,2026-27,2026-09-26 23:22:35
616,Ayyoub,Bouaddi,Bouaddi,Man City,MID,2007-10-02,22,0,0,0,0,0,0,0,0,0,0,3,3,0,0,0.0,0.12,0.12,0.37,2026-27,2026-09-26 23:22:35
621,Ryan,McAidoo,McAidoo,Man City,MID,2008-06-24,11,0,0,0,0,0,0,0,0,0,2,2,0,0,0,0.1,0.0,0.1,0.02,2026-27,2026-09-26 23:22:35
622,Kaden,Braithwaite,Braithwaite,Man City,DEF,2008-02-08,1,0,0,0,0,0,0,0,0,0,0,1,0,0,0,0.0,0.0,0.0,0.0,2026-27,2026-09-26 23:22:35
628,Allan,Andrade Elias,Allan,Man City,MID,2004-04-19,0,0,0,0,0,0,0,0,0,0,0,0,0,0,0,0.0,0.0,0.0,0.0,2026-27,2026-09-26 23:22:35
653,Floyd,Samba,Samba,Man City,MID,2009-01-15,0,0,0,0,0,0,0,0,0,0,0,0,0,0,0,0.0,0.0,0.0,0.0,2026-27,2026-09-26 23:22:35
43,Youri,Tielemans,Tielemans,Man Utd,MID,1997-05-07,402,5,0,0,0,0,8,0,0,0,7,25,11,0,0,0.65,0.52,1.17,6.16,2026-27,2026-09-26 23:22:35
131,Carlos,Baleba,Baleba,Man Utd,MID,2004-01-03,0,0,0,0,0,0,0,0,0,0,0,0,0,0,0,0.0,0.0,0.0,0.0,2026-27,2026-09-26 23:22:35
162,Andrey,Nascimento dos Santos,Andrey Santos,Man Utd,MID,2004-05-03,82,1,0,0,0,0,4,0,0,0,4,7,7,0,0,0.0,0.24,0.24,2.03,2026-27,2026-09-26 23:22:35
325,Karl,Darlow,Darlow,Man Utd,GKP,1990-10-08,0,0,0,0,0,0,0,0,0,0,0,0,0,0,0,0.0,0.0,0.0,0.0,2026-27,2026-09-26 23:22:35
412,Senne,Lammens,Lammens,Man Utd,GKP,2002-07-07,450,5,0,0,0,0,8,0,16,0,0,38,5,0,0,0.0,0.0,0.0,6.8,2026-27,2026-09-26 23:22:35
413,Altay,Bayındır,Bayindir,Man Utd,GKP,1998-04-14,0,0,0,0,0,0,0,0,0,0,0,0,0,0,0,0.0,0.0,0.0,0.0,2026-27,2026-09-26 23:22:35
414,Tom,Heaton,Heaton,Man Utd,GKP,1986-04-15,0,0,0,0,0,0,0,0,0,0,0,0,0,0,0,0.0,0.0,0.0,0.0,2026-27,2026-09-26 23:22:35
415,Patrick,Dorgu,Dorgu,Man Utd,MID,2004-10-26,171,2,0,1,0,0,6,0,0,0,8,4,8,1,0,0.78,0.09,0.87,3.38,2026-27,2026-09-26 23:22:35
416,Matthijs,de Ligt,De Ligt,Man Utd,DEF,1999-08-12,0,0,0,0,0,0,0,0,0,0,0,0,0,0,0,0.0,0.0,0.0,0.0,2026-27,2026-09-26 23:22:35
417,Diogo,Dalot Teixeira,Dalot,Man Utd,DEF,1999-03-18,346,4,0,0,0,0,4,0,0,0,6,21,10,1,0,0.24,0.23,0.47,4.7,2026-27,2026-09-26 23:22:35
418,Harry,Maguire,Maguire,Man Utd,DEF,1993-03-05,450,5,0,1,0,0,8,0,0,0,3,21,28,2,0,0.2,0.46,0.66,6.8,2026-27,2026-09-26 23:22:35
419,Lisandro,Martínez,Martinez,Man Utd,DEF,1998-01-18,360,4,0,0,0,0,6,1,0,0,3,14,17,0,0,0.21,0.16,0.37,5.79,2026-27,2026-09-26 23:22:35
420,Leny,Yoro,Yoro,Man Utd,DEF,2005-11-13,22,0,0,0,0,0,2,0,0,0,2,1,3,0,0,0.0,0.02,0.02,1.09,2026-27,2026-09-26 23:22:35
421,Ayden,Heaven,Heaven,Man Utd,DEF,2006-09-22,90,1,0,0,0,0,2,0,0,0,1,4,1,0,0,0.12,0.04,0.16,1.01,2026-27,2026-09-26 23:22:35
422,Noussair,Mazraoui,Mazraoui,Man Utd,DEF,1997-11-14,97,1,0,0,0,0,4,0,0,0,2,3,4,0,0,0.22,0.06,0.28,2.08,2026-27,2026-09-26 23:22:35
423,Luke,Shaw,Shaw,Man Utd,DEF,1995-07-12,335,4,0,1,0,0,5,0,0,0,6,7,17,1,0,0.03,0.58,0.61,4.63,2026-27,2026-09-26 23:22:35
424,Harry,Amass,Amass,Man Utd,DEF,2007-03-16,0,0,0,0,0,0,0,0,0,0,0,0,0,0,0,0.0,0.0,0.0,0.0,2026-27,2026-09-26 23:22:35
425,Tyler,Fredricson,Fredricson,Man Utd,DEF,2005-02-23,0,0,0,0,0,0,0,0,0,0,0,0,0,0,0,0.0,0.0,0.0,0.0,2026-27,2026-09-26 23:22:35
426,Bruno,Borges Fernandes,B.Fernandes,Man Utd,MID,1994-09-08,450,5,3,1,0,0,8,0,0,0,5,21,3,0,0,2.56,1.32,3.88,6.8,2026-27,2026-09-26 23:22:35
427,Bryan,Mbeumo,Mbeumo,Man Utd,MID,1999-08-07,450,5,2,1,0,0,8,0,0,0,5,14,7,1,0,3.07,0.8,3.87,6.8,2026-27,2026-09-26 23:22:35
428,Matheus,Santos Carneiro da Cunha,Cunha,Man Utd,MID,1999-05-27,407,5,1,2,0,1,5,0,0,0,3,9,1,0,0,0.63,0.83,1.46,5.44,2026-27,2026-09-26 23:22:35
429,Marcus,Rashford,Rashford,Man Utd,MID,1997-10-31,351,4,0,0,0,1,3,0,0,0,4,10,4,0,0,0.78,0.43,1.21,4.5,2026-27,2026-09-26 23:22:35
430,Mason,Mount,Mount,Man Utd,MID,1999-01-10,10,0,0,0,0,0,0,0,0,0,0,1,0,0,0,0.09,0.01,0.1,0.0,2026-27,2026-09-26 23:22:35
431,Amad,Diallo,Amad,Man Utd,MID,2002-07-11,0,0,0,0,0,0,0,0,0,0,0,0,0,0,0,0.0,0.0,0.0,0.0,2026-27,2026-09-26 23:22:35
432,Kobbie,Mainoo,Mainoo,Man Utd,MID,2005-04-19,354,4,0,1,0,0,4,0,0,0,6,40,10,0,0,0.3,0.52,0.82,4.77,2026-27,2026-09-26 23:22:35
433,Manuel,Ugarte Ribeiro,Ugarte,Man Utd,MID,2001-04-11,0,0,0,0,0,0,0,0,0,0,0,0,0,0,0,0.0,0.0,0.0,0.0,2026-27,2026-09-26 23:22:35
434,Jack,Fletcher,J.Fletcher,Man Utd,MID,2007-03-19,0,0,0,0,0,0,0,0,0,0,0,0,0,0,0,0.0,0.0,0.0,0.0,2026-27,2026-09-26 23:22:35
435,Shea,Lacey,Lacey,Man Utd,MID,2007-04-14,10,0,0,0,0,0,0,0,0,0,0,1,0,0,0,0.0,0.0,0.0,0.0,2026-27,2026-09-26 23:22:35
436,Toby,Collyer,Collyer,Man Utd,MID,2004-01-03,0,0,0,0,0,0,0,0,0,0,0,0,0,0,0,0.0,0.0,0.0,0.0,2026-27,2026-09-26 23:22:35
437,Bendito,Mantato,Bendito Mantato,Man Utd,MID,,0,0,0,0,0,0,0,0,0,0,0,0,0,0,0,0.0,0.0,0.0,0.0,2026-27,2026-09-26 23:22:35
438,Tyler,Fletcher,Fletcher,Man Utd,MID,2007-03-19,0,0,0,0,0,0,0,0,0,0,0,0,0,0,0,0.0,0.0,0.0,0.0,2026-27,2026-09-26 23:22:35
439,Benjamin,Sesko,Šeško,Man Utd,FWD,2003-05-31,76,0,1,0,0,0,3,0,0,0,0,5,0,0,0,0.39,0.01,0.4,2.0,2026-27,2026-09-26 23:22:35
440,Joshua,Zirkzee,Zirkzee,Man Utd,FWD,2001-05-22,20,0,0,0,0,0,0,0,0,0,0,2,2,0,0,0.0,0.01,0.01,0.02,2026-27,2026-09-26 23:22:35
441,Chido,Obi,Obi,Man Utd,FWD,2007-11-29,0,0,0,0,0,0,0,0,0,0,0,0,0,0,0,0.0,0.0,0.0,0.0,2026-27,2026-09-26 23:22:35
405,Nico,González Iglesias,N.Gonzalez,Newcastle,MID,2002-01-03,164,3,0,0,0,1,2,0,0,0,0,9,3,1,0,0.0,0.21,0.21,2.34,2026-27,2026-09-26 23:22:35
442,Nick,Pope,Pope,Newcastle,GKP,1992-04-19,0,0,0,0,0,0,0,0,0,0,0,0,0,0,0,0.0,0.0,0.0,0.0,2026-27,2026-09-26 23:22:35
443,Mark,Gillespie,Gillespie,Newcastle,GKP,1992-03-27,0,0,0,0,0,0,0,0,0,0,0,0,0,0,0,0.0,0.0,0.0,0.0,2026-27,2026-09-26 23:22:35
444,Ewen,Jaouen,Jaouen,Newcastle,GKP,2005-12-29,0,0,0,0,0,0,0,0,0,0,0,0,0,0,0,0.0,0.0,0.0,0.0,2026-27,2026-09-26 23:22:35
445,Malick,Thiaw,Thiaw,Newcastle,DEF,2001-08-08,450,5,0,0,0,1,9,1,0,0,0,10,45,0,0,0.0,0.08,0.08,9.14,2026-27,2026-09-26 23:22:35
446,Fabian,Schär,Schär,Newcastle,DEF,1991-12-20,25,0,0,0,0,0,2,0,0,0,0,0,7,0,0,0.0,0.01,0.01,1.87,2026-27,2026-09-26 23:22:35
447,Sven,Botman,Botman,Newcastle,DEF,2000-01-12,450,5,0,0,0,1,9,0,0,0,5,14,54,1,0,0.06,0.17,0.23,9.14,2026-27,2026-09-26 23:22:35
448,Dan,Burn,Burn,Newcastle,DEF,1992-05-09,0,0,0,0,0,0,0,0,0,0,0,0,0,0,0,0.0,0.0,0.0,0.0,2026-27,2026-09-26 23:22:35
449,Lewis,Hall,Hall,Newcastle,DEF,2004-09-08,449,5,1,1,0,1,9,0,0,0,13,38,33,0,0,0.25,0.79,1.04,9.12,2026-27,2026-09-26 23:22:35
450,Tino,Livramento,Livramento,Newcastle,DEF,2002-11-12,33,0,0,1,0,0,1,0,0,0,2,4,1,1,0,0.0,0.01,0.01,0.18,2026-27,2026-09-26 23:22:35
451,Alex,Murphy,A.Murphy,Newcastle,DEF,2004-06-25,0,0,0,0,0,0,0,0,0,0,0,0,0,0,0,0.0,0.0,0.0,0.0,2026-27,2026-09-26 23:22:35
453,Harvey,Barnes,Barnes,Newcastle,MID,1997-12-09,450,5,1,3,0,1,9,0,0,0,3,16,14,0,0,0.62,0.48,1.1,9.14,2026-27,2026-09-26 23:22:35
454,Anthony,Elanga,Elanga,Newcastle,MID,2002-04-27,232,3,2,0,0,1,3,0,0,0,4,3,2,1,0,0.42,0.34,0.76,4.01,2026-27,2026-09-26 23:22:35
456,Jacob,Ramsey,J.Ramsey,Newcastle,MID,2001-05-28,69,0,1,0,0,0,1,0,0,0,2,6,3,1,0,0.17,0.16,0.33,1.92,2026-27,2026-09-26 23:22:35
457,Jacob,Murphy,J.Murphy,Newcastle,MID,1995-02-24,181,2,0,0,0,0,5,0,0,0,4,10,4,3,0,0.03,0.41,0.44,4.96,2026-27,2026-09-26 23:22:35
458,Joelinton Cássio,Apolinário de Lira,Joelinton,Newcastle,MID,1996-08-14,0,0,0,0,0,0,0,0,0,0,0,0,0,0,0,0.0,0.0,0.0,0.0,2026-27,2026-09-26 23:22:35
459,Lewis,Miley,L.Miley,Newcastle,MID,2006-05-01,396,5,0,0,0,1,8,1,0,0,6,26,20,1,0,0.05,0.14,0.19,7.95,2026-27,2026-09-26 23:22:35
460,Joe,Willock,Willock,Newcastle,MID,1999-08-20,284,3,2,0,0,1,5,0,0,0,5,9,4,0,0,0.81,0.3,1.11,5.19,2026-27,2026-09-26 23:22:35
461,Bazoumana,Touré,Touré,Newcastle,MID,2006-03-02,50,0,1,0,0,0,1,0,0,0,0,3,1,0,0,0.28,0.01,0.29,0.76,2026-27,2026-09-26 23:22:35
462,Sean,Steur,Steur,Newcastle,MID,2008-01-11,223,2,0,0,0,1,5,0,0,0,4,8,9,0,0,0.0,0.06,0.06,4.23,2026-27,2026-09-26 23:22:35
463,Nick,Woltemade,Woltemade,Newcastle,FWD,2002-02-14,19,0,0,1,0,0,0,0,0,0,0,0,0,0,0,0.02,0.01,0.03,0.38,2026-27,2026-09-26 23:22:35
464,Yoane,Wissa,Wissa,Newcastle,FWD,1996-09-03,441,5,1,1,1,1,8,0,0,0,6,15,6,2,0,2.35,0.06,2.41,7.97,2026-27,2026-09-26 23:22:35
465,William,Osula,Osula,Newcastle,FWD,2003-08-04,55,1,0,1,0,0,1,0,0,0,1,2,2,0,0,0.06,0.14,0.2,1.48,2026-27,2026-09-26 23:22:35
466,Sean,Neave,Neave,Newcastle,FWD,2007-05-27,0,0,0,0,0,0,0,0,0,0,0,0,0,0,0,0.0,0.0,0.0,0.0,2026-27,2026-09-26 23:22:35
559,Aladji,Bamba,Bamba,Newcastle,MID,2006-07-14,27,0,0,0,0,0,1,0,0,0,3,2,3,0,0,0.0,0.0,0.0,1.29,2026-27,2026-09-26 23:22:35
567,Lukás,Hornícek,Horníček,Newcastle,GKP,2002-07-13,450,5,0,0,0,1,9,0,19,0,0,31,11,1,0,0.0,0.0,0.0,9.14,2026-27,2026-09-26 23:22:35
593,Amar,Dedic,Dedić,Newcastle,DEF,2002-08-18,327,4,0,1,0,1,7,0,0,0,8,15,16,0,0,0.14,0.08,0.22,7.38,2026-27,2026-09-26 23:22:35
609,Leo,Shahar,Shahar,Newcastle,DEF,2007-03-18,0,0,0,0,0,0,0,0,0,0,0,0,0,0,0,0.0,0.0,0.0,0.0,2026-27,2026-09-26 23:22:35
634,Matias,Fernandez-Pardo,Fernandez-Pardo,Newcastle,FWD,2005-02-03,157,2,0,0,0,0,4,0,0,0,2,3,0,0,0,0.05,0.01,0.06,2.94,2026-27,2026-09-26 23:22:35
659,Mason,Miley,Miley,Newcastle,MID,2008-09-29,0,0,0,0,0,0,0,0,0,0,0,0,0,0,0,0.0,0.0,0.0,0.0,2026-27,2026-09-26 23:22:35
663,Miodrag,Pivas,Pivas,Newcastle,DEF,2005-05-17,0,0,0,0,0,0,0,0,0,0,0,0,0,0,0,0.0,0.0,0.0,0.0,2026-27,2026-09-26 23:22:35
664,Vakhtang,Salia,Salia,Newcastle,FWD,2007-08-30,0,0,0,0,0,0,0,0,0,0,0,0,0,0,0,0.0,0.0,0.0,0.0,2026-27,2026-09-26 23:22:35
665,Michael,Mills,Mills,Newcastle,MID,2009-02-18,0,0,0,0,0,0,0,0,0,0,0,0,0,0,0,0.0,0.0,0.0,0.0,2026-27,2026-09-26 23:22:35
666,Kyran,Thompson,Thompson,Newcastle,MID,2009-09-06,0,0,0,0,0,0,0,0,0,0,0,0,0,0,0,0.0,0.0,0.0,0.0,2026-27,2026-09-26 23:22:35
167,Liam,Delap,Delap,Nott'm Forest,FWD,2003-02-08,277,3,1,0,0,1,3,0,0,0,2,10,5,2,0,0.89,0.35,1.24,2.62,2026-27,2026-09-26 23:22:35
201,Daniel,Muñoz Mejía,Muñoz,Nott'm Forest,DEF,1996-05-26,257,3,0,0,0,0,4,0,0,0,7,8,8,0,0,0.6,0.21,0.81,2.59,2026-27,2026-09-26 23:22:35
467,Matz,Sels,Sels,Nott'm Forest,GKP,1992-02-26,450,5,0,0,0,1,5,0,11,0,0,46,6,0,0,0.0,0.01,0.01,4.77,2026-27,2026-09-26 23:22:35
468,John Victor,Maciel Furtado,John,Nott'm Forest,GKP,1996-02-13,0,0,0,0,0,0,0,0,0,0,0,0,0,0,0,0.0,0.0,0.0,0.0,2026-27,2026-09-26 23:22:35
469,Neco,Williams,N.Williams,Nott'm Forest,DEF,2001-04-13,450,5,0,1,0,1,5,0,0,0,14,28,15,0,0,0.41,0.61,1.02,4.77,2026-27,2026-09-26 23:22:35
470,Felipe,Rodrigues da Silva,Morato,Nott'm Forest,DEF,2001-06-30,0,0,0,0,0,0,0,0,0,0,0,0,0,0,0,0.0,0.0,0.0,0.0,2026-27,2026-09-26 23:22:35
471,Nikola,Milenković,Milenković,Nott'm Forest,DEF,1997-10-12,270,3,0,0,0,1,3,0,0,0,5,12,26,1,0,0.11,0.03,0.14,3.28,2026-27,2026-09-26 23:22:35
472,Murillo,Costa dos Santos,Murillo,Nott'm Forest,DEF,2002-07-04,449,5,0,1,0,1,5,0,0,0,9,18,44,1,0,0.42,0.37,0.79,4.77,2026-27,2026-09-26 23:22:35
473,Ola,Aina,Aina,Nott'm Forest,DEF,1996-10-08,306,4,0,0,0,1,3,0,0,0,10,14,12,2,0,0.04,0.53,0.57,3.72,2026-27,2026-09-26 23:22:35
474,Jair,Paula da Cunha Filho,Jair Cunha,Nott'm Forest,DEF,2005-03-07,360,4,0,0,0,1,4,0,0,0,7,8,29,2,0,0.05,0.02,0.07,3.95,2026-27,2026-09-26 23:22:35
475,Nicolò,Savona,Savona,Nott'm Forest,DEF,2003-03-19,0,0,0,0,0,0,0,0,0,0,0,0,0,0,0,0.0,0.0,0.0,0.0,2026-27,2026-09-26 23:22:35
476,Omar,Richards,O.Richards,Nott'm Forest,DEF,1998-02-15,0,0,0,0,0,0,0,0,0,0,0,0,0,0,0,0.0,0.0,0.0,0.0,2026-27,2026-09-26 23:22:35
477,Zach,Abbott,Abbott,Nott'm Forest,DEF,2006-05-13,0,0,0,0,0,0,0,0,0,0,0,0,0,0,0,0.0,0.0,0.0,0.0,2026-27,2026-09-26 23:22:35
478,Luca,Netz,Netz,Nott'm Forest,DEF,2003-05-15,27,0,0,0,0,0,1,0,0,0,1,1,0,0,0,0.0,0.02,0.02,0.13,2026-27,2026-09-26 23:22:35
479,Tyler,Bindon,Bindon,Nott'm Forest,DEF,2005-01-27,0,0,0,0,0,0,0,0,0,0,0,0,0,0,0,0.0,0.0,0.0,0.0,2026-27,2026-09-26 23:22:35
480,Morgan,Gibbs-White,Gibbs-White,Nott'm Forest,MID,2000-01-27,450,5,1,2,0,1,5,0,0,0,5,14,2,0,0,1.56,1.42,2.98,4.77,2026-27,2026-09-26 23:22:35
482,Callum,Hudson-Odoi,Hudson-Odoi,Nott'm Forest,MID,2000-11-07,1,0,0,0,0,0,0,0,0,0,0,0,0,0,0,0.0,0.0,0.0,0.0,2026-27,2026-09-26 23:22:35
483,Dan,Ndoye,Ndoye,Nott'm Forest,MID,2000-10-25,316,5,1,0,0,1,3,0,0,0,2,15,3,1,0,1.25,0.93,2.18,3.84,2026-27,2026-09-26 23:22:35
484,Omari,Hutchinson,Hutchinson,Nott'm Forest,MID,2003-10-30,0,0,0,0,0,0,0,0,0,0,0,0,0,0,0,0.0,0.0,0.0,0.0,2026-27,2026-09-26 23:22:35
485,Dilane,Bakwa,Bakwa,Nott'm Forest,MID,2002-08-26,0,0,0,0,0,0,0,0,0,0,0,0,0,0,0,0.0,0.0,0.0,0.0,2026-27,2026-09-26 23:22:35
486,James,McAtee,McAtee,Nott'm Forest,MID,2002-10-18,416,5,0,0,0,2,4,0,0,0,9,21,9,2,0,0.37,0.96,1.33,4.55,2026-27,2026-09-26 23:22:35
487,Nicolás,Domínguez,Dominguez,Nott'm Forest,MID,1998-06-28,1,0,0,0,0,0,0,0,0,0,0,0,0,0,0,0.0,0.0,0.0,0.0,2026-27,2026-09-26 23:22:35
488,Ibrahim,Sangaré,I.Sangaré,Nott'm Forest,MID,1997-12-02,105,1,0,0,0,0,1,0,0,0,1,3,4,0,0,0.09,0.02,0.11,0.56,2026-27,2026-09-26 23:22:35
489,Ryan,Yates,Yates,Nott'm Forest,MID,1997-11-21,0,0,0,0,0,0,0,0,0,0,0,0,0,0,0,0.0,0.0,0.0,0.0,2026-27,2026-09-26 23:22:35
490,Chris,Wood,Wood,Nott'm Forest,FWD,1991-12-07,62,0,0,0,0,0,1,0,0,0,0,1,0,0,0,0.12,0.01,0.13,0.53,2026-27,2026-09-26 23:22:35
491,Igor Jesus,Maciel da Cruz,Igor Jesus,Nott'm Forest,FWD,2001-02-25,257,2,1,0,0,0,3,0,0,0,2,8,5,1,0,1.25,0.08,1.33,2.61,2026-27,2026-09-26 23:22:35
493,Arnaud,Kalimuendo,Kalimuendo,Nott'm Forest,FWD,2002-01-20,1,0,0,0,0,0,0,0,0,0,0,0,0,0,0,0.0,0.0,0.0,0.0,2026-27,2026-09-26 23:22:35
558,Xaver,Schlager,Schlager,Nott'm Forest,MID,1997-09-28,376,4,0,0,0,1,5,0,0,0,17,21,11,1,0,0.19,0.18,0.37,4.43,2026-27,2026-09-26 23:22:35
581,Ousmane,Diomande,Diomande,Nott'm Forest,DEF,2003-12-04,163,2,0,0,0,0,2,0,0,0,1,10,18,0,0,0.16,0.01,0.17,1.45,2026-27,2026-09-26 23:22:35
590,Steven,Benda,Benda,Nott'm Forest,GKP,1998-10-01,0,0,0,0,0,0,0,0,0,0,0,0,0,0,0,0.0,0.0,0.0,0.0,2026-27,2026-09-26 23:22:35
112,Jan Paul,van Hecke,Van Hecke,Spurs,DEF,2000-06-08,450,5,1,0,0,2,8,0,0,0,10,17,33,1,0,0.69,0.42,1.11,7.78,2026-27,2026-09-26 23:22:35
147,Tosin,Adarabioyo,Tosin,Spurs,DEF,1997-09-24,5,0,0,0,0,0,0,0,0,0,2,1,2,0,0,0.0,0.0,0.0,0.03,2026-27,2026-09-26 23:22:35
401,Omar,Marmoush,Marmoush,Spurs,FWD,1999-02-07,339,4,0,0,0,2,5,0,0,0,2,11,0,0,0,0.38,0.15,0.53,3.84,2026-27,2026-09-26 23:22:35
403,Sávio,Moreira de Oliveira,Sávio,Spurs,MID,2004-04-10,240,3,0,0,0,2,3,0,0,0,0,8,3,0,0,0.41,0.7,1.11,2.76,2026-27,2026-09-26 23:22:35
455,Sandro,Tonali,Tonali,Spurs,MID,2000-05-08,427,5,0,0,0,2,8,0,0,0,11,20,11,0,0,0.24,0.61,0.85,7.72,2026-27,2026-09-26 23:22:35
494,Guglielmo,Vicario,Vicario,Spurs,GKP,1996-10-07,0,0,0,0,0,0,0,0,0,0,0,0,0,0,0,0.0,0.0,0.0,0.0,2026-27,2026-09-26 23:22:35
495,Brandon,Austin,Austin,Spurs,GKP,1999-01-08,0,0,0,0,0,0,0,0,0,0,0,0,0,0,0,0.0,0.0,0.0,0.0,2026-27,2026-09-26 23:22:35
496,Antonín,Kinský,Kinsky,Spurs,GKP,2003-03-13,450,5,0,0,0,2,8,0,12,0,0,34,10,0,0,0.0,0.0,0.0,7.78,2026-27,2026-09-26 23:22:35
497,Martin,Dubravka,Dubravka,Spurs,GKP,1989-01-15,0,0,0,0,0,0,0,0,0,0,0,0,0,0,0,0.0,0.0,0.0,0.0,2026-27,2026-09-26 23:22:35
498,Marcos,Senesi Barón,Senesi,Spurs,DEF,1997-05-10,90,1,0,0,0,0,3,0,0,0,5,2,11,0,0,0.0,0.02,0.02,3.87,2026-27,2026-09-26 23:22:35
499,Pedro,Porro Sauceda,Pedro Porro,Spurs,DEF,1999-09-13,198,3,0,0,0,1,2,0,0,0,3,5,6,0,0,0.37,0.16,0.53,1.68,2026-27,2026-09-26 23:22:35
500,Cristian,Romero,Romero,Spurs,DEF,1998-04-27,0,0,0,0,0,0,0,0,0,0,0,0,0,0,0,0.0,0.0,0.0,0.0,2026-27,2026-09-26 23:22:35
502,Andrew,Robertson,Robertson,Spurs,DEF,1994-03-11,366,4,0,1,0,1,7,0,0,0,5,15,15,0,0,0.13,0.43,0.56,7.05,2026-27,2026-09-26 23:22:35
503,Micky,van de Ven,Van de Ven,Spurs,DEF,2001-04-19,360,4,0,0,0,2,5,0,0,0,5,17,24,1,0,0.59,0.05,0.64,3.91,2026-27,2026-09-26 23:22:35
505,Djed,Spence,Spence,Spurs,DEF,2000-08-09,0,0,0,0,0,0,0,0,0,0,0,0,0,0,0,0.0,0.0,0.0,0.0,2026-27,2026-09-26 23:22:35
506,Destiny,Udogie,Udogie,Spurs,DEF,2002-11-28,86,1,0,0,0,1,1,0,0,0,1,4,3,1,0,0.0,0.23,0.23,1.17,2026-27,2026-09-26 23:22:35
507,Ashley,Phillips,Phillips,Spurs,DEF,2005-06-26,0,0,0,0,0,0,0,0,0,0,0,0,0,0,0,0.0,0.0,0.0,0.0,2026-27,2026-09-26 23:22:35
508,Ben,Davies,Davies,Spurs,DEF,1993-04-24,0,0,0,0,0,0,0,0,0,0,0,0,0,0,0,0.0,0.0,0.0,0.0,2026-27,2026-09-26 23:22:35
509,Jun'ai,Byfield,Byfield,Spurs,DEF,,0,0,0,0,0,0,0,0,0,0,0,0,0,0,0,0.0,0.0,0.0,0.0,2026-27,2026-09-26 23:22:35
510,James,Rowswell,Rowswell,Spurs,DEF,,0,0,0,0,0,0,0,0,0,0,0,0,0,0,0,0.0,0.0,0.0,0.0,2026-27,2026-09-26 23:22:35
511,João Victor,de Souza Menezes,Souza,Spurs,DEF,2006-06-16,0,0,0,0,0,0,0,0,0,0,0,0,0,0,0,0.0,0.0,0.0,0.0,2026-27,2026-09-26 23:22:35
512,Mohammed,Kudus,Kudus,Spurs,MID,2000-08-02,123,0,0,1,0,0,3,0,0,0,3,11,0,0,0,0.11,0.42,0.53,1.46,2026-27,2026-09-26 23:22:35
513,Xavi,Simons,Xavi,Spurs,MID,2003-04-21,0,0,0,0,0,0,0,0,0,0,0,0,0,0,0,0.0,0.0,0.0,0.0,2026-27,2026-09-26 23:22:35
514,Mathys,Tel,Tel,Spurs,MID,2005-04-27,257,3,0,0,0,1,4,0,0,0,1,11,1,0,0,0.21,0.23,0.44,5.55,2026-27,2026-09-26 23:22:35
515,James,Maddison,Maddison,Spurs,MID,1996-11-23,59,0,0,0,0,0,2,0,0,0,4,4,3,0,0,0.06,0.04,0.1,1.03,2026-27,2026-09-26 23:22:35
516,Rodrigo,Bentancur,Bentancur,Spurs,MID,1997-06-25,370,4,0,0,0,2,6,0,0,0,15,23,22,0,0,0.02,0.12,0.14,5.59,2026-27,2026-09-26 23:22:35
517,Wilson,Odobert,Odobert,Spurs,MID,2004-11-28,0,0,0,0,0,0,0,0,0,0,0,0,0,0,0,0.0,0.0,0.0,0.0,2026-27,2026-09-26 23:22:35
518,Pape Matar,Sarr,P.M.Sarr,Spurs,MID,2002-09-14,0,0,0,0,0,0,0,0,0,0,0,0,0,0,0,0.0,0.0,0.0,0.0,2026-27,2026-09-26 23:22:35
519,Conor,Gallagher,Gallagher,Spurs,MID,2000-02-06,134,2,1,0,0,1,2,0,0,0,8,9,1,1,0,0.37,0.12,0.49,2.65,2026-27,2026-09-26 23:22:35
520,Lucas,Bergvall,Bergvall,Spurs,MID,2006-02-02,78,1,0,0,0,0,2,0,0,0,3,9,1,0,0,0.06,0.27,0.33,2.21,2026-27,2026-09-26 23:22:35
521,Dejan,Kulusevski,Kulusevski,Spurs,MID,2000-04-25,0,0,0,0,0,0,0,0,0,0,0,0,0,0,0,0.0,0.0,0.0,0.0,2026-27,2026-09-26 23:22:35
522,Archie,Gray,Gray,Spurs,MID,2006-03-12,307,3,0,0,0,1,7,0,0,0,5,12,10,0,0,0.23,0.05,0.28,6.11,2026-27,2026-09-26 23:22:35
523,Mikey,Moore,Moore,Spurs,MID,2007-08-11,89,1,0,0,0,0,4,0,0,0,1,2,0,0,0,0.4,0.02,0.42,3.26,2026-27,2026-09-26 23:22:35
524,Callum,Olusesi,Olusesi,Spurs,MID,,0,0,0,0,0,0,0,0,0,0,0,0,0,0,0,0.0,0.0,0.0,0.0,2026-27,2026-09-26 23:22:35
525,Mateus,Fernandes,Fernandes,Spurs,MID,2004-07-10,249,3,0,0,0,1,4,0,0,0,7,12,2,1,0,0.19,0.28,0.47,4.43,2026-27,2026-09-26 23:22:35
526,Dominic,Solanke-Mitchell,Solanke,Spurs,FWD,1997-09-14,170,2,0,0,0,1,1,0,0,0,2,5,2,0,0,0.56,0.01,0.57,2.57,2026-27,2026-09-26 23:22:35
527,Richarlison,de Andrade,Richarlison,Spurs,FWD,1997-05-10,67,1,0,0,0,0,3,0,0,0,0,0,1,0,0,0.0,0.0,0.0,3.02,2026-27,2026-09-26 23:22:35
528,Dane,Scarlett,Scarlett,Spurs,FWD,2004-03-24,0,0,0,0,0,0,0,0,0,0,0,0,0,0,0,0.0,0.0,0.0,0.0,2026-27,2026-09-26 23:22:35
578,Mykhailo,Mudryk,Mudryk,Spurs,MID,2001-01-05,16,0,0,0,0,0,0,0,0,0,0,0,0,0,0,0.0,0.0,0.0,0.16,2026-27,2026-09-26 23:22:35
601,Luca,Williams-Barnett,Williams-Barnett,Spurs,MID,2008-10-01,0,0,0,0,0,0,0,0,0,0,0,0,0,0,0,0.0,0.0,0.0,0.0,2026-27,2026-09-26 23:22:35
501,Kevin,Danso,Danso,Sunderland,DEF,1998-09-19,270,3,0,0,0,0,8,0,0,0,1,11,19,0,0,0.07,0.17,0.24,5.91,2026-27,2026-09-26 23:22:35
529,Robin,Roefs,Roefs,Sunderland,GKP,2003-01-17,450,5,0,0,0,1,10,0,6,0,0,35,7,0,0,0.0,0.01,0.01,8.66,2026-27,2026-09-26 23:22:35
530,Anthony,Patterson,Patterson,Sunderland,GKP,2000-05-10,0,0,0,0,0,0,0,0,0,0,0,0,0,0,0,0.0,0.0,0.0,0.0,2026-27,2026-09-26 23:22:35
531,Melker,Ellborg,Ellborg,Sunderland,GKP,2003-05-22,0,0,0,0,0,0,0,0,0,0,0,0,0,0,0,0.0,0.0,0.0,0.0,2026-27,2026-09-26 23:22:35
532,Daniel,Ballard,Ballard,Sunderland,DEF,1999-09-22,450,5,0,0,0,1,10,0,0,0,10,12,39,2,0,0.31,0.16,0.47,8.66,2026-27,2026-09-26 23:22:35
533,Nordi,Mukiele,Mukiele,Sunderland,DEF,1997-11-01,360,4,0,0,0,1,8,0,0,0,13,16,35,1,0,0.75,0.28,1.03,6.86,2026-27,2026-09-26 23:22:35
534,Trai,Hume,Hume,Sunderland,DEF,2002-03-18,206,2,0,0,0,1,2,0,0,0,10,12,3,0,0,0.14,0.29,0.43,4.57,2026-27,2026-09-26 23:22:35
535,Omar,Alderete,Alderete,Sunderland,DEF,1996-12-26,23,0,0,0,0,0,1,0,0,0,0,2,0,0,0,0.0,0.01,0.01,0.1,2026-27,2026-09-26 23:22:35
536,Reinildo,Mandava,Reinildo,Sunderland,DEF,1994-01-21,360,4,0,0,0,1,5,0,0,0,8,18,21,0,1,0.0,0.32,0.32,5.05,2026-27,2026-09-26 23:22:35
537,Jenson,Seelt,Seelt,Sunderland,DEF,2003-05-23,0,0,0,0,0,0,0,0,0,0,0,0,0,0,0,0.0,0.0,0.0,0.0,2026-27,2026-09-26 23:22:35
538,Leo Fuhr,Hjelde,Hjelde,Sunderland,DEF,2003-08-26,0,0,0,0,0,0,0,0,0,0,0,0,0,0,0,0.0,0.0,0.0,0.0,2026-27,2026-09-26 23:22:35
539,Luke,O'Nien,O'Nien,Sunderland,DEF,1994-11-21,66,1,0,0,0,0,1,0,0,0,1,4,4,1,0,0.01,0.01,0.02,1.69,2026-27,2026-09-26 23:22:35
540,Arthur,Masuaku,Masuaku,Sunderland,DEF,1993-11-07,0,0,0,0,0,0,0,0,0,0,0,0,0,0,0,0.0,0.0,0.0,0.0,2026-27,2026-09-26 23:22:35
541,Thomas,Meunier,Meunier,Sunderland,DEF,1991-09-12,396,5,0,1,0,1,8,0,0,0,4,15,16,0,0,0.34,0.58,0.92,5.94,2026-27,2026-09-26 23:22:35
542,Enzo,Le Fée,E.Le Fée,Sunderland,MID,2000-02-03,438,5,1,1,1,1,9,0,0,0,7,11,3,0,0,2.06,1.34,3.4,8.46,2026-27,2026-09-26 23:22:35
543,Habib,Diarra,Diarra,Sunderland,MID,2004-01-03,28,0,0,1,0,0,1,0,0,0,0,0,0,0,0,0.03,0.16,0.19,0.12,2026-27,2026-09-26 23:22:35
544,Granit,Xhaka,Xhaka,Sunderland,MID,1992-09-27,450,5,0,1,0,1,10,0,0,0,9,33,12,2,0,0.06,1.32,1.38,8.66,2026-27,2026-09-26 23:22:35
545,Noah,Sadiki,Sadiki,Sunderland,MID,2004-12-17,410,5,0,0,0,1,9,0,0,0,6,12,11,1,0,0.44,0.24,0.68,6.47,2026-27,2026-09-26 23:22:35
546,Simon,Adingra,Adingra,Sunderland,MID,2002-01-01,0,0,0,0,0,0,0,0,0,0,0,0,0,0,0,0.0,0.0,0.0,0.0,2026-27,2026-09-26 23:22:35
547,Romaine,Mundle,Mundle,Sunderland,MID,2003-04-24,1,0,0,0,0,0,0,0,0,0,0,0,1,0,0,0.17,0.0,0.17,0.09,2026-27,2026-09-26 23:22:35
548,Chris,Rigg,Rigg,Sunderland,MID,2007-06-18,17,0,0,0,0,0,1,0,0,0,0,1,0,0,0,0.0,0.0,0.0,0.44,2026-27,2026-09-26 23:22:35
549,Chemsdine,Talbi,Talbi,Sunderland,MID,2005-05-09,31,0,0,0,0,0,1,0,0,0,0,2,0,0,0,0.0,0.0,0.0,0.14,2026-27,2026-09-26 23:22:35
550,Djiamgone Jocelin Ta,Bi,Jocelin.T,Sunderland,MID,2005-02-09,0,0,0,0,0,0,0,0,0,0,0,0,0,0,0,0.0,0.0,0.0,0.0,2026-27,2026-09-26 23:22:35
551,Nilson,Angulo,N.Angulo,Sunderland,MID,2003-06-19,313,5,1,1,0,1,7,0,0,0,5,14,5,1,0,0.6,0.13,0.73,4.56,2026-27,2026-09-26 23:22:35
552,Brian,Brobbey,Brobbey,Sunderland,FWD,2002-02-01,399,5,3,0,0,1,9,0,0,0,0,10,1,1,0,2.94,0.11,3.05,8.18,2026-27,2026-09-26 23:22:35
553,Wilson,Isidor,Isidor,Sunderland,FWD,2000-08-27,117,0,1,1,0,0,3,0,0,0,2,3,0,0,0,1.49,0.01,1.5,3.78,2026-27,2026-09-26 23:22:35
612,Dayann,Méthalie,Methalie,Sunderland,DEF,2006-02-15,90,1,0,0,0,0,5,0,0,0,1,4,2,1,0,0.03,0.01,0.04,2.82,2026-27,2026-09-26 23:22:35
613,Jules,Ahoka,Ahoka,Sunderland,MID,2006-05-08,0,0,0,0,0,0,0,0,0,0,0,0,0,0,0,0.0,0.0,0.0,0.0,2026-27,2026-09-26 23:22:35
646,Malick,Fofana,Fofana,Sunderland,MID,2005-03-31,60,0,0,0,0,0,2,0,0,0,1,2,0,0,0,0.39,0.01,0.4,3.25,2026-27,2026-09-26 23:22:35
651,Juan,Angulo,J.Angulo,Sunderland,FWD,2008-01-12,0,0,0,0,0,0,0,0,0,0,0,0,0,0,0,0.0,0.0,0.0,0.0,2026-27,2026-09-26 23:22:35
